tiempo_sk,medicamento_sk,proveedor_sk,institucion_sk,contratacion_sk,canti,prcio_unit,total,target_costo_alto
1,1,1,1,1,1.0,772.8,772.8,1
1,2,1,1,1,1.0,411.26,411.26,0
1,3,1,1,1,1.0,35.0,35.0,0
1,4,1,1,1,1.0,90.0,90.0,0
1,5,1,1,1,1.0,100.0,100.0,0
1,6,1,1,1,1.0,108.78,108.78,0
1,6,1,1,1,5.0,108.78,543.9,1
1,7,1,1,1,1.0,70.0,70.0,0
1,8,1,1,1,1.0,525.44,525.44,1
1,9,1,1,1,1.0,35.0,35.0,0
1,10,1,1,1,1.0,20.0,20.0,0
1,11,1,1,1,1.0,65.0,65.0,0
1,12,1,1,1,1.0,85.0,85.0,0
1,13,1,1,1,1.0,30.0,30.0,0
1,13,1,1,1,1.0,30.0,30.0,0
2,14,2,2,2,1200.0,8.02,9624.0,1
2,15,1,1,1,1.0,100.0,100.0,0
2,4,1,1,1,1.0,90.0,90.0,0
2,16,1,1,1,1.0,115.0,115.0,0
2,8,1,1,1,1.0,525.44,525.44,1
2,11,1,1,1,1.0,65.0,65.0,0
2,17,1,1,1,1.0,277.5,277.5,0
2,12,1,1,1,1.0,85.0,85.0,0
2,12,1,1,1,1.0,85.0,85.0,0
2,13,1,1,1,1.0,30.0,30.0,0
2,13,1,1,1,1.0,30.0,30.0,0
2,13,1,1,1,1.0,30.0,30.0,0
3,18,3,2,2,4000.0,8.25,33000.0,1
3,19,4,2,3,200.0,2546.4,509280.0,1
3,20,4,2,3,200.0,2546.4,509280.0,1
3,21,1,1,1,1.0,15.0,15.0,0
3,11,1,1,1,1.0,65.0,65.0,0
3,13,1,1,1,1.0,30.0,30.0,0
4,22,5,2,3,200.0,85.0,17000.0,1
4,23,1,1,1,1.0,528.62,528.62,1
4,24,1,1,1,1.0,228.6,228.6,0
4,25,1,1,1,1.0,1956.46,1956.46,1
4,26,1,1,1,1.0,90.0,90.0,0
4,15,1,1,1,1.0,100.0,100.0,0
4,15,1,1,1,1.0,100.0,100.0,0
4,16,1,1,1,1.0,115.0,115.0,0
4,27,1,1,1,1.0,2219.13,2219.13,1
4,28,1,1,1,1.0,80.0,80.0,0
4,7,1,1,1,1.0,70.0,70.0,0
4,29,1,1,1,1.0,180.0,180.0,0
4,21,1,1,1,1.0,15.0,15.0,0
4,30,1,1,1,1.0,272.45,272.45,0
4,31,1,1,1,1.0,85.0,85.0,0
4,32,1,1,1,1.0,600.0,600.0,1
4,33,1,1,1,1.0,55.0,55.0,0
4,34,1,1,1,5.0,5.0,25.0,0
5,1,1,1,1,1.0,772.8,772.8,1
5,16,1,1,1,2.0,115.0,230.0,0
5,35,1,1,1,1.0,130.0,130.0,0
5,35,1,1,1,1.0,130.0,130.0,0
5,21,1,1,1,1.0,15.0,15.0,0
5,36,1,1,1,1.0,50.0,50.0,0
5,12,1,1,1,2.0,85.0,170.0,0
5,34,1,1,1,2.0,7.0,14.0,0
6,15,1,1,1,1.0,100.0,100.0,0
6,4,1,1,1,1.0,90.0,90.0,0
6,7,1,1,1,1.0,70.0,70.0,0
6,21,1,1,1,1.0,15.0,15.0,0
7,23,1,1,1,1.0,442.86,442.86,0
7,15,1,1,1,1.0,100.0,100.0,0
7,7,1,1,1,1.0,70.0,70.0,0
7,29,1,1,1,1.0,180.0,180.0,0
7,8,1,1,1,1.0,525.44,525.44,1
7,34,1,1,1,1.0,7.0,7.0,0
8,1,1,1,1,1.0,772.8,772.8,1
8,15,1,1,1,1.0,100.0,100.0,0
8,4,1,1,1,1.0,90.0,90.0,0
8,4,1,1,1,1.0,90.0,90.0,0
8,37,1,1,1,1.0,380.0,380.0,0
8,38,1,1,1,1.0,400.11,400.11,0
8,38,1,1,1,1.0,293.45,293.45,0
8,39,1,1,1,1.0,1121.67,1121.67,1
8,8,1,1,1,1.0,525.44,525.44,1
8,40,1,1,1,1.0,35.0,35.0,0
8,12,1,1,1,1.0,85.0,85.0,0
8,41,1,1,1,1.0,1431.22,1431.22,1
9,37,1,1,1,1.0,380.0,380.0,0
9,42,1,1,1,1.0,347.8,347.8,0
10,15,1,1,1,1.0,100.0,100.0,0
10,27,1,1,1,1.0,2219.13,2219.13,1
10,39,1,1,1,1.0,1121.67,1121.67,1
10,43,1,1,1,1.0,980.3,980.3,1
10,21,1,1,1,1.0,15.0,15.0,0
10,44,1,1,1,1.0,436.56,436.56,0
10,36,1,1,1,1.0,50.0,50.0,0
10,42,1,1,1,1.0,347.8,347.8,0
10,45,1,1,1,1.0,150.0,150.0,0
10,13,1,1,1,1.0,30.0,30.0,0
11,4,1,1,1,1.0,90.0,90.0,0
11,9,1,1,1,1.0,35.0,35.0,0
12,46,2,2,3,400.0,19.29,7716.0,1
12,47,2,2,3,200.0,249.81,49962.0,1
12,48,1,1,1,1.0,282.3,282.3,0
12,49,1,1,1,1.0,40.0,40.0,0
12,13,1,1,1,2.0,30.0,60.0,0
13,50,2,2,3,100.0,5.62,562.0,1
13,1,1,1,1,1.0,772.8,772.8,1
13,24,1,1,1,1.0,228.6,228.6,0
13,23,1,1,1,1.0,442.86,442.86,0
13,4,1,1,1,1.0,90.0,90.0,0
13,4,1,1,1,1.0,90.0,90.0,0
13,51,1,1,1,1.0,165.0,165.0,0
13,16,1,1,1,1.0,115.0,115.0,0
13,39,1,1,1,1.0,1121.67,1121.67,1
13,8,1,1,1,1.0,525.44,525.44,1
13,52,1,1,1,1.0,382.8,382.8,0
13,33,1,1,1,1.0,55.0,55.0,0
13,53,1,1,1,1.0,50.0,50.0,0
14,27,1,1,1,1.0,2219.13,2219.13,1
14,30,1,1,1,1.0,272.45,272.45,0
15,29,1,1,1,1.0,180.0,180.0,0
15,29,1,1,1,1.0,180.0,180.0,0
15,54,1,1,1,1.0,416.25,416.25,0
15,55,1,1,1,1.0,85.0,85.0,0
15,56,1,1,1,1.0,276.52,276.52,0
16,24,1,1,1,1.0,228.6,228.6,0
16,25,1,1,1,1.0,1956.46,1956.46,1
16,4,1,1,1,1.0,90.0,90.0,0
16,37,1,1,1,1.0,380.0,380.0,0
16,48,1,1,1,1.0,282.3,282.3,0
16,21,1,1,1,1.0,15.0,15.0,0
16,57,1,1,1,1.0,2661.51,2661.51,1
16,58,1,1,1,1.0,1252.35,1252.35,1
17,59,6,2,3,150.0,35.0,5250.0,1
17,60,7,2,3,300.0,133.65,40095.0,1
17,29,1,1,1,1.0,180.0,180.0,0
17,61,1,1,1,1.0,20.0,20.0,0
17,13,1,1,1,1.0,30.0,30.0,0
18,23,1,1,1,1.0,442.86,442.86,0
18,15,1,1,1,1.0,100.0,100.0,0
18,15,1,1,1,1.0,100.0,100.0,0
18,62,1,1,1,1.0,115.0,115.0,0
18,63,1,1,1,1.0,70.0,70.0,0
18,38,1,1,1,1.0,293.45,293.45,0
18,8,1,1,1,1.0,525.44,525.44,1
18,21,1,1,1,1.0,15.0,15.0,0
18,21,1,1,1,1.0,15.0,15.0,0
18,21,1,1,1,1.0,15.0,15.0,0
18,64,1,1,1,1.0,30.0,30.0,0
18,65,1,1,1,1.0,55.0,55.0,0
18,45,1,1,1,1.0,150.0,150.0,0
19,29,1,1,1,1.0,180.0,180.0,0
19,21,1,1,1,3.0,15.0,45.0,0
19,13,1,1,1,1.0,30.0,30.0,0
20,15,1,1,1,1.0,100.0,100.0,0
20,4,1,1,1,1.0,90.0,90.0,0
20,5,1,1,1,1.0,100.0,100.0,0
20,29,1,1,1,1.0,180.0,180.0,0
20,21,1,1,1,1.0,15.0,15.0,0
20,49,1,1,1,1.0,40.0,40.0,0
20,12,1,1,1,1.0,85.0,85.0,0
20,66,1,1,1,1.0,50.0,50.0,0
21,29,1,1,1,1.0,180.0,180.0,0
21,9,1,1,1,1.0,35.0,35.0,0
21,67,1,1,1,1.0,321.92,321.92,0
22,5,3,2,3,1950.0,14.99,29230.5,1
22,5,3,2,3,50.0,14.99,749.5,1
22,68,1,1,1,1.0,2144.25,2144.25,1
22,69,1,1,1,1.0,1377.65,1377.65,1
22,29,1,1,1,1.0,180.0,180.0,0
22,29,1,1,1,1.0,180.0,180.0,0
22,41,1,1,1,1.0,2097.0,2097.0,1
22,49,1,1,1,1.0,45.0,45.0,0
22,34,1,1,1,5.0,6.0,30.0,0
23,23,1,1,1,1.0,528.62,528.62,1
23,70,1,1,1,1.0,228.6,228.6,0
23,70,1,1,1,1.0,228.6,228.6,0
23,12,1,1,1,1.0,85.0,85.0,0
23,71,1,1,1,1.0,85.0,85.0,0
24,23,1,1,1,1.0,528.62,528.62,1
24,15,1,1,1,1.0,100.0,100.0,0
24,4,1,1,1,1.0,90.0,90.0,0
24,38,1,1,1,1.0,293.45,293.45,0
24,29,1,1,1,1.0,180.0,180.0,0
24,72,1,1,1,1.0,943.77,943.77,1
24,8,1,1,1,1.0,525.44,525.44,1
24,73,1,1,1,1.0,97.97,97.97,0
24,66,1,1,1,1.0,50.0,50.0,0
24,56,1,1,1,1.0,276.52,276.52,0
24,74,1,1,1,1.0,1252.35,1252.35,1
25,49,1,1,1,1.0,40.0,40.0,0
26,75,1,1,1,1.0,194.03,194.03,0
26,41,1,1,1,1.0,1431.22,1431.22,1
27,23,1,1,1,1.0,528.62,528.62,1
27,23,1,1,1,1.0,442.86,442.86,0
27,37,1,1,1,1.0,380.0,380.0,0
27,29,1,1,1,1.0,180.0,180.0,0
27,52,1,1,1,1.0,382.8,382.8,0
27,76,1,1,1,1.0,45.0,45.0,0
27,34,1,1,1,1.0,6.0,6.0,0
27,34,1,1,1,1.0,6.0,6.0,0
28,70,1,1,1,1.0,228.6,228.6,0
28,15,1,1,1,1.0,100.0,100.0,0
28,4,1,1,1,1.0,90.0,90.0,0
28,4,1,1,1,1.0,90.0,90.0,0
28,16,1,1,1,1.0,115.0,115.0,0
28,29,1,1,1,1.0,180.0,180.0,0
28,29,1,1,1,1.0,180.0,180.0,0
28,29,1,1,1,1.0,180.0,180.0,0
28,22,1,1,1,1.0,130.0,130.0,0
28,77,1,1,1,1.0,65.0,65.0,0
28,41,1,1,1,1.0,1431.22,1431.22,1
29,38,1,1,1,1.0,293.45,293.45,0
29,78,1,1,1,6.0,110.45,662.7,1
29,8,1,1,1,1.0,525.44,525.44,1
29,66,1,1,1,1.0,50.0,50.0,0
29,79,1,1,1,1.0,171.56,171.56,0
29,80,1,1,1,1.0,70.0,70.0,0
29,34,1,1,1,1.0,6.0,6.0,0
30,23,1,1,1,1.0,528.62,528.62,1
30,4,1,1,1,1.0,90.0,90.0,0
30,22,1,1,1,1.0,130.0,130.0,0
30,21,1,1,1,2.0,15.0,30.0,0
30,21,1,1,1,1.0,15.0,15.0,0
30,81,1,1,1,1.0,203.8,203.8,0
30,45,1,1,1,1.0,150.0,150.0,0
30,13,1,1,1,1.0,30.0,30.0,0
30,82,1,1,1,1.0,253.01,253.01,0
30,34,1,1,1,1.0,6.0,6.0,0
30,34,1,1,1,1.0,6.0,6.0,0
31,23,1,1,1,1.0,528.62,528.62,1
31,77,1,1,1,1.0,65.0,65.0,0
31,34,1,1,1,1.0,6.0,6.0,0
31,34,1,1,1,8.0,6.0,48.0,0
31,34,1,1,1,1.0,6.0,6.0,0
31,83,1,1,1,1.0,6.0,6.0,0
32,4,1,1,1,1.0,90.0,90.0,0
32,7,1,1,1,1.0,70.0,70.0,0
32,84,1,1,1,1.0,456.36,456.36,0
32,41,1,1,1,1.0,1431.22,1431.22,1
32,85,1,1,1,1.0,606.04,606.04,1
32,86,1,1,1,1.0,2820.0,2820.0,1
32,87,1,1,1,1.0,312.29,312.29,0
32,34,1,1,1,4.0,6.0,24.0,0
32,34,1,1,1,3.0,6.0,18.0,0
33,88,2,2,3,400.0,407.26,162904.0,1
33,15,1,1,1,1.0,100.0,100.0,0
33,29,1,1,1,1.0,180.0,180.0,0
33,89,1,1,1,1.0,1292.76,1292.76,1
33,41,1,1,1,1.0,2097.0,2097.0,1
33,90,1,1,1,1.0,35.0,35.0,0
33,91,1,1,1,1.0,225.46,225.46,0
33,92,1,1,1,1.0,181.49,181.49,0
33,93,1,1,1,1.0,195.58,195.58,0
33,94,1,1,1,1.0,90.67,90.67,0
33,95,1,1,1,1.0,80.0,80.0,0
33,34,1,1,1,1.0,6.0,6.0,0
34,23,1,1,1,1.0,528.62,528.62,1
34,70,1,1,1,1.0,2228.6,2228.6,1
34,23,1,1,1,1.0,442.86,442.86,0
34,29,1,1,1,1.0,180.0,180.0,0
34,29,1,1,1,1.0,180.0,180.0,0
34,8,1,1,1,1.0,525.44,525.44,1
34,96,1,1,1,1.0,195.0,195.0,0
34,80,1,1,1,1.0,70.0,70.0,0
34,34,1,1,1,1.0,6.0,6.0,0
34,34,1,1,1,4.0,6.0,24.0,0
34,34,1,1,1,1.0,6.0,6.0,0
35,23,1,1,1,1.0,442.86,442.86,0
35,97,1,1,1,1.0,2100.62,2100.62,1
35,98,1,1,1,1.0,218.96,218.96,0
35,99,1,1,1,1.0,588.9,588.9,1
35,52,1,1,1,1.0,382.8,382.8,0
35,100,1,1,1,1.0,50.0,50.0,0
35,101,1,1,1,1.0,77.06,77.06,0
35,45,1,1,1,1.0,180.0,180.0,0
35,45,1,1,1,1.0,150.0,150.0,0
35,34,1,1,1,6.0,6.0,36.0,0
35,34,1,1,1,1.0,6.0,6.0,0
36,23,1,1,1,1.0,528.62,528.62,1
36,23,1,1,1,1.0,528.62,528.62,1
36,70,1,1,1,1.0,228.6,228.6,0
36,15,1,1,1,1.0,100.0,100.0,0
36,29,1,1,1,1.0,180.0,180.0,0
36,29,1,1,1,1.0,180.0,180.0,0
36,29,1,1,1,1.0,180.0,180.0,0
36,35,1,1,1,1.0,130.0,130.0,0
36,45,1,1,1,1.0,150.0,150.0,0
36,102,1,1,1,1.0,619.03,619.03,1
36,34,1,1,1,1.0,6.0,6.0,0
37,103,8,2,4,100.0,37.95,3795.0,1
37,23,1,1,1,1.0,442.86,442.86,0
37,104,1,1,1,1.0,60.0,60.0,0
37,4,1,1,1,1.0,90.0,90.0,0
37,16,1,1,1,1.0,115.0,115.0,0
37,105,1,1,1,1.0,1425.17,1425.17,1
37,7,1,1,1,1.0,70.0,70.0,0
37,29,1,1,1,1.0,180.0,180.0,0
37,29,1,1,1,1.0,180.0,180.0,0
37,84,1,1,1,1.0,456.36,456.36,0
37,21,1,1,1,2.0,15.0,30.0,0
37,21,1,1,1,1.0,15.0,15.0,0
37,21,1,1,1,1.0,15.0,15.0,0
37,21,1,1,1,1.0,15.0,15.0,0
37,106,1,1,1,1.0,50.0,50.0,0
37,90,1,1,1,1.0,30.0,30.0,0
37,12,1,1,1,1.0,85.0,85.0,0
37,77,1,1,1,1.0,65.0,65.0,0
37,77,1,1,1,1.0,65.0,65.0,0
37,13,1,1,1,1.0,30.0,30.0,0
37,102,1,1,1,1.0,619.03,619.03,1
37,34,1,1,1,1.0,6.0,6.0,0
37,34,1,1,1,1.0,6.0,6.0,0
37,34,1,1,1,1.0,6.0,6.0,0
38,23,1,1,1,1.0,442.86,442.86,0
38,15,1,1,1,1.0,100.0,100.0,0
38,15,1,1,1,1.0,100.0,100.0,0
38,4,1,1,1,1.0,90.0,90.0,0
38,34,1,1,1,1.0,6.0,6.0,0
38,34,1,1,1,1.0,6.0,6.0,0
39,23,1,1,1,1.0,442.86,442.86,0
39,4,1,1,1,1.0,90.0,90.0,0
39,7,1,1,1,1.0,70.0,70.0,0
39,29,1,1,1,1.0,180.0,180.0,0
39,87,1,1,1,1.0,312.29,312.29,0
39,34,1,1,1,2.0,6.0,12.0,0
40,23,1,1,1,1.0,442.86,442.86,0
40,4,1,1,1,2.0,90.0,180.0,0
40,5,1,1,1,1.0,100.0,100.0,0
40,27,1,1,1,1.0,2219.13,2219.13,1
40,35,1,1,1,1.0,130.0,130.0,0
40,22,1,1,1,2.0,130.0,260.0,0
40,8,1,1,1,1.0,525.44,525.44,1
40,8,1,1,1,1.0,525.44,525.44,1
40,91,1,1,1,1.0,225.46,225.46,0
40,101,1,1,1,1.0,77.06,77.06,0
40,107,1,1,1,1.0,517.91,517.91,1
40,13,1,1,1,1.0,30.0,30.0,0
40,83,1,1,1,1.0,6.0,6.0,0
41,21,1,1,1,1.0,15.0,15.0,0
41,108,1,1,1,1.0,145.0,145.0,0
42,109,1,1,1,1.0,55.0,55.0,0
42,8,1,1,1,1.0,525.44,525.44,1
42,21,1,1,1,1.0,15.0,15.0,0
42,102,1,1,1,1.0,619.03,619.03,1
42,110,1,1,1,1.0,165.0,165.0,0
42,34,1,1,1,1.0,6.0,6.0,0
43,24,1,1,1,1.0,228.6,228.6,0
43,15,1,1,1,1.0,100.0,100.0,0
43,16,1,1,1,1.0,115.0,115.0,0
43,21,1,1,1,1.0,15.0,15.0,0
43,111,1,1,1,1.0,333.25,333.25,0
43,90,1,1,1,1.0,30.0,30.0,0
43,34,1,1,1,1.0,6.0,6.0,0
43,34,1,1,1,1.0,6.0,6.0,0
44,23,1,1,1,1.0,442.86,442.86,0
44,21,1,1,1,1.0,15.0,15.0,0
44,102,1,1,1,2.0,619.03,1238.06,1
45,15,1,1,1,1.0,100.0,100.0,0
45,15,1,1,1,1.0,100.0,100.0,0
45,15,1,1,1,2.0,100.0,200.0,0
45,15,1,1,1,1.0,100.0,100.0,0
45,4,1,1,1,1.0,90.0,90.0,0
45,112,1,1,1,1.0,466.81,466.81,0
45,21,1,1,1,1.0,15.0,15.0,0
45,113,1,1,1,1.0,288.07,288.07,0
45,12,1,1,1,1.0,85.0,85.0,0
45,41,1,1,1,1.0,1431.22,1431.22,1
45,114,1,1,1,1.0,312.29,312.29,0
46,37,1,1,1,1.0,380.0,380.0,0
46,21,1,1,1,1.0,15.0,15.0,0
46,21,1,1,1,1.0,15.0,15.0,0
46,21,1,1,1,1.0,15.0,15.0,0
47,23,1,1,1,1.0,442.86,442.86,0
47,29,1,1,1,1.0,180.0,180.0,0
47,115,1,1,1,1.0,120.0,120.0,0
47,8,1,1,1,1.0,525.44,525.44,1
47,21,1,1,1,1.0,15.0,15.0,0
47,34,1,1,1,1.0,6.0,6.0,0
48,43,1,1,1,1.0,980.3,980.3,1
48,116,1,1,1,1.0,755.31,755.31,1
48,34,1,1,1,2.0,6.0,12.0,0
49,29,1,1,1,1.0,180.0,180.0,0
49,8,1,1,1,1.0,525.44,525.44,1
49,21,1,1,1,1.0,15.0,15.0,0
49,21,1,1,1,1.0,15.0,15.0,0
49,117,1,1,1,1.0,350.0,350.0,0
49,34,1,1,1,1.0,6.0,6.0,0
50,24,1,1,1,1.0,228.6,228.6,0
50,24,1,1,1,1.0,228.6,228.6,0
50,15,1,1,1,3.0,100.0,300.0,0
50,15,1,1,1,1.0,100.0,100.0,0
50,16,1,1,1,1.0,115.0,115.0,0
50,29,1,1,1,1.0,180.0,180.0,0
50,35,1,1,1,1.0,130.0,130.0,0
50,41,1,1,1,1.0,1431.22,1431.22,1
50,114,1,1,1,1.0,312.29,312.29,0
50,118,1,1,1,1.0,1018.98,1018.98,1
50,34,1,1,1,1.0,6.0,6.0,0
51,24,1,1,1,1.0,228.6,228.6,0
51,16,1,1,1,1.0,115.0,115.0,0
51,27,1,1,1,1.0,2219.13,2219.13,1
51,119,1,1,1,1.0,509.86,509.86,1
51,21,1,1,1,1.0,15.0,15.0,0
51,21,1,1,1,1.0,15.0,15.0,0
51,45,1,1,1,1.0,150.0,150.0,0
52,120,1,1,1,1.0,367.2,367.2,0
52,120,1,1,1,1.0,367.2,367.2,0
52,25,1,1,1,1.0,1956.46,1956.46,1
52,121,1,1,1,1.0,1688.75,1688.75,1
52,37,1,1,1,1.0,380.0,380.0,0
52,29,1,1,1,1.0,180.0,180.0,0
52,8,1,1,1,1.0,525.44,525.44,1
52,21,1,1,1,1.0,15.0,15.0,0
52,21,1,1,1,1.0,15.0,15.0,0
52,21,1,1,1,1.0,15.0,15.0,0
52,21,1,1,1,1.0,15.0,15.0,0
52,122,1,1,1,1.0,562.94,562.94,1
52,123,1,1,1,1.0,107.68,107.68,0
52,13,1,1,1,2.0,30.0,60.0,0
52,13,1,1,1,1.0,30.0,30.0,0
52,13,1,1,1,1.0,30.0,30.0,0
52,34,1,1,1,1.0,6.0,6.0,0
52,34,1,1,1,1.0,6.0,6.0,0
53,120,1,1,1,1.0,367.2,367.2,0
53,120,1,1,1,1.0,367.2,367.2,0
53,120,1,1,1,1.0,367.2,367.2,0
53,121,1,1,1,1.0,1688.75,1688.75,1
53,124,1,1,1,1.0,1919.39,1919.39,1
53,16,1,1,1,1.0,115.0,115.0,0
53,16,1,1,1,1.0,115.0,115.0,0
53,28,1,1,1,1.0,80.0,80.0,0
53,97,1,1,1,1.0,2100.62,2100.62,1
53,125,1,1,1,1.0,80.0,80.0,0
53,126,1,1,1,1.0,363.94,363.94,0
53,127,1,1,1,1.0,570.0,570.0,1
54,120,1,1,1,1.0,367.2,367.2,0
54,120,1,1,1,1.0,367.2,367.2,0
54,128,1,1,1,1.0,453.48,453.48,0
54,69,1,1,1,1.0,1377.65,1377.65,1
54,112,1,1,1,1.0,466.81,466.81,0
54,29,1,1,1,1.0,180.0,180.0,0
54,29,1,1,1,1.0,180.0,180.0,0
54,29,1,1,1,1.0,180.0,180.0,0
54,21,1,1,1,1.0,15.0,15.0,0
54,91,1,1,1,1.0,225.46,225.46,0
54,129,1,1,1,2.0,80.0,160.0,0
54,13,1,1,1,1.0,30.0,30.0,0
54,117,1,1,1,1.0,350.0,350.0,0
55,120,1,1,1,1.0,367.2,367.2,0
55,8,1,1,1,1.0,525.44,525.44,1
55,21,1,1,1,1.0,15.0,15.0,0
55,21,1,1,1,1.0,15.0,15.0,0
55,96,1,1,1,1.0,195.0,195.0,0
56,120,1,1,1,1.0,367.2,367.2,0
56,120,1,1,1,1.0,367.2,367.2,0
56,130,1,1,1,1.0,800.38,800.38,1
56,109,1,1,1,1.0,55.0,55.0,0
56,29,1,1,1,1.0,180.0,180.0,0
56,122,1,1,1,1.0,562.94,562.94,1
56,131,1,1,1,1.0,40.0,40.0,0
56,129,1,1,1,1.0,80.0,80.0,0
56,86,1,1,1,1.0,2820.0,2820.0,1
57,120,1,1,1,1.0,367.2,367.2,0
57,16,1,1,1,2.0,115.0,230.0,0
57,37,1,1,1,1.0,380.0,380.0,0
57,97,1,1,1,1.0,2100.62,2100.62,1
57,132,1,1,1,1.0,55.0,55.0,0
58,120,1,1,1,1.0,367.2,367.2,0
58,120,1,1,1,1.0,367.2,367.2,0
58,120,1,1,1,1.0,367.2,367.2,0
58,24,1,1,1,1.0,228.6,228.6,0
58,16,1,1,1,1.0,115.0,115.0,0
58,133,1,1,1,1.0,892.22,892.22,1
58,29,1,1,1,1.0,180.0,180.0,0
58,134,1,1,1,1.0,1062.72,1062.72,1
58,8,1,1,1,3.0,525.44,1576.32,1
58,21,1,1,1,1.0,15.0,15.0,0
58,21,1,1,1,1.0,15.0,15.0,0
58,41,1,1,1,1.0,2097.0,2097.0,1
58,122,1,1,1,1.0,562.94,562.94,1
58,41,1,1,1,2.0,1431.22,2862.44,1
58,114,1,1,1,1.0,312.29,312.29,0
59,120,1,1,1,1.0,367.2,367.2,0
59,23,1,1,1,1.0,442.86,442.86,0
59,135,1,1,1,1.0,782.27,782.27,1
59,27,1,1,1,1.0,2219.13,2219.13,1
59,136,1,1,1,3.0,40.0,120.0,0
59,41,1,1,1,1.0,1431.22,1431.22,1
60,120,1,1,1,1.0,367.2,367.2,0
60,24,1,1,1,1.0,228.6,228.6,0
60,23,1,1,1,1.0,442.86,442.86,0
60,23,1,1,1,1.0,442.86,442.86,0
60,22,1,1,1,1.0,185.0,185.0,0
60,21,1,1,1,1.0,15.0,15.0,0
60,21,1,1,1,2.0,15.0,30.0,0
60,21,1,1,1,1.0,15.0,15.0,0
60,13,1,1,1,1.0,30.0,30.0,0
61,120,1,1,1,1.0,367.2,367.2,0
61,130,1,1,1,1.0,800.38,800.38,1
61,135,1,1,1,1.0,782.27,782.27,1
61,15,1,1,1,1.0,100.0,100.0,0
61,16,1,1,1,1.0,115.0,115.0,0
61,27,1,1,1,1.0,2219.13,2219.13,1
61,8,1,1,1,1.0,525.44,525.44,1
61,21,1,1,1,1.0,15.0,15.0,0
61,98,1,1,1,1.0,218.96,218.96,0
61,137,1,1,1,5.0,65.0,325.0,0
61,137,1,1,1,5.0,65.0,325.0,0
61,41,1,1,1,1.0,1431.22,1431.22,1
61,129,1,1,1,1.0,80.0,80.0,0
62,120,1,1,1,1.0,367.2,367.2,0
62,120,1,1,1,1.0,367.2,367.2,0
62,16,1,1,1,1.0,115.0,115.0,0
62,16,1,1,1,1.0,115.0,115.0,0
62,16,1,1,1,2.0,115.0,230.0,0
62,16,1,1,1,2.0,115.0,230.0,0
62,138,1,1,1,1.0,1066.7,1066.7,1
63,120,1,1,1,1.0,367.2,367.2,0
63,16,1,1,1,3.0,115.0,345.0,0
63,105,1,1,1,1.0,1425.17,1425.17,1
64,139,9,2,5,200.0,2546.0,509200.0,1
64,20,9,2,5,134.0,2546.0,341164.0,1
64,140,9,1,5,50.0,2546.0,127300.0,1
64,120,1,1,1,1.0,367.2,367.2,0
64,120,1,1,1,1.0,367.2,367.2,0
64,120,1,1,1,1.0,367.2,367.2,0
64,16,1,1,1,1.0,115.0,115.0,0
64,16,1,1,1,3.0,115.0,345.0,0
64,16,1,1,1,1.0,115.0,115.0,0
64,38,1,1,1,1.0,367.2,367.2,0
64,29,1,1,1,1.0,180.0,180.0,0
64,29,1,1,1,1.0,180.0,180.0,0
64,138,1,1,1,1.0,1066.7,1066.7,1
64,141,1,1,1,1.0,493.07,493.07,1
64,142,1,1,1,1.0,2058.6,2058.6,1
64,21,1,1,1,1.0,15.0,15.0,0
64,137,1,1,1,5.0,65.0,325.0,0
64,143,1,1,1,1.0,922.02,922.02,1
65,130,1,1,1,1.0,800.38,800.38,1
65,29,1,1,1,1.0,180.0,180.0,0
65,29,1,1,1,1.0,180.0,180.0,0
65,21,1,1,1,2.0,15.0,30.0,0
66,98,10,2,6,20.0,19.8,396.0,0
66,130,1,1,1,1.0,800.38,800.38,1
66,130,1,1,1,1.0,800.38,800.38,1
66,23,1,1,1,1.0,442.86,442.86,0
66,135,1,1,1,1.0,782.27,782.27,1
66,15,1,1,1,1.0,100.0,100.0,0
66,16,1,1,1,1.0,115.0,115.0,0
66,16,1,1,1,1.0,115.0,115.0,0
66,69,1,1,1,1.0,1377.65,1377.65,1
66,27,1,1,1,1.0,2219.13,2219.13,1
66,27,1,1,1,1.0,2219.13,2219.13,1
66,144,1,1,1,1.0,1318.62,1318.62,1
66,113,1,1,1,1.0,288.07,288.07,0
66,125,1,1,1,1.0,80.0,80.0,0
67,15,1,1,1,1.0,100.0,100.0,0
67,16,1,1,1,1.0,115.0,115.0,0
67,44,1,1,1,1.0,468.52,468.52,1
67,126,1,1,1,1.0,363.94,363.94,0
68,145,11,2,7,60.0,5.4,324.0,0
68,10,11,2,7,26.0,6.35,165.1,0
68,146,11,1,7,18.0,4.28,77.04,0
68,147,11,2,7,134.0,5.35,716.9,1
68,148,11,2,7,34.0,24.9,846.6,1
68,149,11,2,7,200.0,11.95,2390.0,1
68,150,11,2,7,32.0,11.0,352.0,0
68,151,11,1,7,5.0,19.8,99.0,0
68,145,11,1,7,3.0,5.4,16.2,0
68,146,11,2,7,18.0,4.28,77.04,0
68,147,11,1,7,30.0,5.35,160.5,0
68,152,11,1,7,18.0,5.8,104.4,0
68,148,11,1,7,30.0,24.9,747.0,1
68,153,11,1,7,6.0,19.0,114.0,0
68,154,11,1,7,60.0,4.65,279.0,0
68,149,11,1,7,16.0,11.95,191.2,0
68,76,11,1,7,20.0,9.0,180.0,0
68,155,11,1,7,30.0,6.45,193.5,0
68,150,11,1,7,4.0,11.0,44.0,0
68,156,11,1,7,12.0,9.0,108.0,0
68,157,11,1,7,5.0,6.46,32.3,0
68,135,1,1,1,1.0,782.27,782.27,1
68,16,1,1,1,1.0,115.0,115.0,0
68,105,1,1,1,1.0,1425.17,1425.17,1
68,22,1,1,1,2.0,130.0,260.0,0
68,97,1,1,1,1.0,2100.62,2100.62,1
69,10,11,1,7,8.0,6.35,50.8,0
69,158,12,1,7,5.0,16.0,80.0,0
69,16,1,1,1,1.0,115.0,115.0,0
69,21,1,1,1,1.0,15.0,15.0,0
70,59,6,2,6,50.0,35.0,1750.0,1
70,159,13,2,5,50.0,117.99,5899.5,1
70,120,1,1,1,1.0,367.2,367.2,0
70,120,1,1,1,1.0,367.2,367.2,0
70,130,1,1,1,1.0,800.38,800.38,1
70,135,1,1,1,1.0,782.27,782.27,1
70,25,1,1,1,1.0,1956.46,1956.46,1
70,16,1,1,1,1.0,115.0,115.0,0
70,160,1,1,1,1.0,254.38,254.38,0
70,11,1,1,1,1.0,65.0,65.0,0
70,13,1,1,1,1.0,30.0,30.0,0
70,13,1,1,1,1.0,30.0,30.0,0
71,161,14,1,7,3.0,76.11,228.33,0
71,120,1,1,1,1.0,367.2,367.2,0
71,120,1,1,1,1.0,367.2,367.2,0
71,120,1,1,1,1.0,367.2,367.2,0
71,16,1,1,1,1.0,115.0,115.0,0
71,16,1,1,1,1.0,115.0,115.0,0
71,162,1,1,1,1.0,881.23,881.23,1
71,112,1,1,1,1.0,466.81,466.81,0
71,97,1,1,1,1.0,2100.62,2100.62,1
71,163,1,1,1,1.0,868.0,868.0,1
71,21,1,1,1,1.0,5.0,5.0,0
71,164,1,1,1,1.0,380.0,380.0,0
71,13,1,1,1,2.0,30.0,60.0,0
71,13,1,1,1,1.0,30.0,30.0,0
72,24,1,1,1,1.0,228.6,228.6,0
72,15,1,1,1,1.0,100.0,100.0,0
72,4,1,1,1,2.0,90.0,180.0,0
72,138,1,1,1,1.0,1066.7,1066.7,1
72,163,1,1,1,1.0,868.0,868.0,1
72,72,1,1,1,1.0,1000.4,1000.4,1
72,21,1,1,1,1.0,15.0,15.0,0
73,165,15,1,8,5.0,94.1,470.5,1
73,120,1,1,1,1.0,367.2,367.2,0
73,120,1,1,1,1.0,367.2,367.2,0
73,120,1,1,1,1.0,367.2,367.2,0
73,120,1,1,1,1.0,367.2,367.2,0
73,23,1,1,1,1.0,442.86,442.86,0
73,124,1,1,1,1.0,1919.39,1919.39,1
73,16,1,1,1,1.0,115.0,115.0,0
73,105,1,1,1,1.0,1425.17,1425.17,1
73,29,1,1,1,1.0,180.0,180.0,0
73,29,1,1,1,1.0,180.0,180.0,0
73,138,1,1,1,1.0,1066.7,1066.7,1
73,166,1,1,1,1.0,2212.7,2212.7,1
73,21,1,1,1,4.0,15.0,60.0,0
73,21,1,1,1,1.0,15.0,15.0,0
73,13,1,1,1,1.0,30.0,30.0,0
74,167,16,2,7,70.0,4.8,336.0,0
74,10,16,2,7,60.0,6.0,360.0,0
74,150,16,2,7,48.0,10.0,480.0,1
74,18,17,1,7,50.0,7.0,350.0,0
74,168,17,1,7,2.0,35.0,70.0,0
74,167,16,1,7,20.0,4.8,96.0,0
74,10,16,1,7,12.0,6.0,72.0,0
74,169,18,1,7,5.0,4.28,21.4,0
74,90,16,1,7,30.0,4.0,120.0,0
74,170,18,1,7,30.0,35.53,1065.9,1
74,150,16,1,7,6.0,10.0,60.0,0
74,171,16,1,7,3.0,12.0,36.0,0
74,156,16,1,7,18.0,8.5,153.0,0
74,172,18,1,7,30.0,43.45,1303.5,1
74,173,19,1,7,20.0,25.0,500.0,1
74,174,16,1,7,10.0,4.0,40.0,0
74,175,20,1,9,10.0,226.0,2260.0,1
74,175,20,1,9,10.0,226.0,2260.0,1
74,176,16,1,7,6.0,4.5,27.0,0
74,177,21,1,7,5.0,82.5,412.5,0
74,24,1,1,1,1.0,228.6,228.6,0
74,23,1,1,1,1.0,442.86,442.86,0
74,15,1,1,1,1.0,100.0,100.0,0
74,97,1,1,1,1.0,2100.62,2100.62,1
74,21,1,1,1,1.0,15.0,15.0,0
75,178,22,2,10,30.0,790.0,23700.0,1
75,178,22,2,10,30.0,790.0,23700.0,1
75,179,22,2,10,50.0,42.11,2105.5,1
75,120,1,1,1,1.0,367.2,367.2,0
75,24,1,1,1,1.0,228.6,228.6,0
75,15,1,1,1,1.0,100.0,100.0,0
75,16,1,1,1,1.0,115.0,115.0,0
75,29,1,1,1,1.0,180.0,180.0,0
75,72,1,1,1,1.0,1000.4,1000.4,1
75,142,1,1,1,1.0,2058.6,2058.6,1
75,21,1,1,1,1.0,15.0,15.0,0
75,180,1,1,1,1.0,116.9,116.9,0
75,126,1,1,1,1.0,363.94,363.94,0
75,143,1,1,1,1.0,922.02,922.02,1
76,120,1,1,1,1.0,367.2,367.2,0
76,120,1,1,1,1.0,367.2,367.2,0
76,24,1,1,1,1.0,228.6,228.6,0
76,24,1,1,1,1.0,228.6,228.6,0
76,15,1,1,1,1.0,100.0,100.0,0
76,29,1,1,1,1.0,180.0,180.0,0
76,35,1,1,1,1.0,130.0,130.0,0
76,13,1,1,1,1.0,30.0,30.0,0
77,181,23,1,11,5.0,270.92,1354.6,1
77,105,1,1,1,1.0,1425.17,1425.17,1
77,43,1,1,1,1.0,980.3,980.3,1
77,182,1,1,1,1.0,30.0,30.0,0
78,183,24,2,11,45.0,475.2,21384.0,1
78,183,24,2,11,5.0,475.2,2376.0,1
78,184,24,1,5,5.0,727.0,3635.0,1
78,185,24,1,8,1.0,12979.51,12979.51,1
78,130,1,1,1,1.0,800.38,800.38,1
78,135,1,1,1,1.0,782.27,782.27,1
78,15,1,1,1,1.0,100.0,100.0,0
78,186,1,1,1,1.0,23.0,23.0,0
78,61,1,1,1,1.0,20.0,20.0,0
78,164,1,1,1,1.0,380.0,380.0,0
79,130,1,1,1,1.0,800.38,800.38,1
79,15,1,1,1,1.0,100.0,100.0,0
79,4,1,1,1,5.0,90.0,450.0,0
79,4,1,1,1,2.0,90.0,180.0,0
79,105,1,1,1,1.0,1425.17,1425.17,1
79,187,1,1,1,2.0,1919.39,3838.78,1
79,21,1,1,1,2.0,15.0,30.0,0
80,188,24,2,5,1.0,11799.55,11799.55,1
80,120,1,1,1,1.0,367.2,367.2,0
80,24,1,1,1,1.0,228.6,228.6,0
80,15,1,1,1,1.0,100.0,100.0,0
80,4,1,1,1,3.0,90.0,270.0,0
80,4,1,1,1,1.0,90.0,90.0,0
80,4,1,1,1,1.0,170.0,170.0,0
80,4,1,1,1,3.0,90.0,270.0,0
80,4,1,1,1,5.0,90.0,450.0,0
80,4,1,1,1,1.0,90.0,90.0,0
80,4,1,1,1,1.0,90.0,90.0,0
80,16,1,1,1,1.0,115.0,115.0,0
80,112,1,1,1,1.0,466.81,466.81,0
80,29,1,1,1,1.0,170.0,170.0,0
80,29,1,1,1,2.0,180.0,360.0,0
80,22,1,1,1,1.0,160.0,160.0,0
80,97,1,1,1,1.0,2100.62,2100.62,1
80,72,1,1,1,1.0,1000.4,1000.4,1
80,21,1,1,1,4.0,15.0,60.0,0
80,189,1,1,1,1.0,311.57,311.57,0
80,190,1,1,1,1.0,23.0,23.0,0
80,61,1,1,1,2.0,20.0,40.0,0
80,13,1,1,1,2.0,30.0,60.0,0
80,191,1,1,1,1.0,257.36,257.36,0
81,29,1,1,1,1.0,170.0,170.0,0
81,192,1,1,1,1.0,2867.04,2867.04,1
82,120,1,1,1,1.0,367.2,367.2,0
82,23,1,1,1,1.0,442.86,442.86,0
82,23,1,1,1,1.0,442.86,442.86,0
82,23,1,1,1,1.0,451.72,451.72,0
82,23,1,1,1,1.0,451.72,451.72,0
82,128,1,1,1,1.0,471.62,471.62,1
82,15,1,1,1,1.0,100.0,100.0,0
82,4,1,1,1,1.0,90.0,90.0,0
82,112,1,1,1,1.0,478.48,478.48,1
82,119,1,1,1,1.0,509.86,509.86,1
82,7,1,1,1,1.0,70.0,70.0,0
82,29,1,1,1,1.0,170.0,170.0,0
82,29,1,1,1,1.0,180.0,180.0,0
82,29,1,1,1,1.0,180.0,180.0,0
82,97,1,1,1,1.0,2100.62,2100.62,1
82,21,1,1,1,1.0,15.0,15.0,0
82,21,1,1,1,1.0,15.0,15.0,0
82,193,1,1,1,1.0,236.63,236.63,0
82,194,1,1,1,1.0,852.84,852.84,1
82,13,1,1,1,1.0,30.0,30.0,0
83,120,1,1,1,1.0,367.2,367.2,0
83,195,1,1,1,1.0,290.7,290.7,0
83,196,1,1,1,1.0,65.0,65.0,0
83,4,1,1,1,5.0,90.0,450.0,0
83,4,1,1,1,1.0,90.0,90.0,0
83,29,1,1,1,1.0,180.0,180.0,0
83,138,1,1,1,1.0,1066.7,1066.7,1
83,197,1,1,1,1.0,432.0,432.0,0
83,198,1,1,1,1.0,100.0,100.0,0
83,164,1,1,1,1.0,380.0,380.0,0
84,199,1,1,1,1.0,447.12,447.12,0
84,130,1,1,1,1.0,816.39,816.39,1
84,23,1,1,1,1.0,451.72,451.72,0
84,35,1,1,1,1.0,130.0,130.0,0
84,138,1,1,1,1.0,1066.7,1066.7,1
84,21,1,1,1,1.0,15.0,15.0,0
84,91,1,1,1,1.0,225.46,225.46,0
84,198,1,1,1,1.0,100.0,100.0,0
85,24,1,1,1,1.0,228.6,228.6,0
85,4,1,1,1,1.0,90.0,90.0,0
85,4,1,1,1,1.0,90.0,90.0,0
85,16,1,1,1,1.0,115.0,115.0,0
85,29,1,1,1,1.0,180.0,180.0,0
85,22,1,1,1,1.0,160.0,160.0,0
86,120,1,1,1,1.0,367.2,367.2,0
86,120,1,1,1,1.0,367.2,367.2,0
86,120,1,1,1,1.0,367.2,367.2,0
86,24,1,1,1,1.0,228.6,228.6,0
86,128,1,1,1,1.0,471.62,471.62,1
86,15,1,1,1,1.0,100.0,100.0,0
86,4,1,1,1,1.0,90.0,90.0,0
86,4,1,1,1,1.0,90.0,90.0,0
86,4,1,1,1,1.0,90.0,90.0,0
86,4,1,1,1,1.0,90.0,90.0,0
86,16,1,1,1,1.0,115.0,115.0,0
86,29,1,1,1,1.0,180.0,180.0,0
86,97,1,1,1,1.0,2100.62,2100.62,1
86,138,1,1,1,1.0,1066.7,1066.7,1
86,52,1,1,1,1.0,401.95,401.95,0
86,198,1,1,1,1.0,100.0,100.0,0
87,200,9,2,5,50.0,1273.0,63650.0,1
87,200,9,1,5,10.0,1273.0,12730.0,1
87,120,1,1,1,1.0,367.2,367.2,0
87,120,1,1,1,2.0,367.2,734.4,1
87,24,1,1,1,1.0,228.6,228.6,0
87,24,1,1,1,1.0,228.6,228.6,0
87,23,1,1,1,1.0,451.72,451.72,0
87,4,1,1,1,1.0,90.0,90.0,0
87,4,1,1,1,1.0,90.0,90.0,0
87,4,1,1,1,4.0,90.0,360.0,0
87,4,1,1,1,1.0,90.0,90.0,0
87,4,1,1,1,4.0,90.0,360.0,0
87,29,1,1,1,2.0,180.0,360.0,0
87,192,1,1,1,2.0,2867.04,5734.08,1
87,60,1,1,1,1.0,230.0,230.0,0
87,190,1,1,1,1.0,23.0,23.0,0
87,190,1,1,1,1.0,23.0,23.0,0
87,190,1,1,1,1.0,23.0,23.0,0
87,61,1,1,1,1.0,20.0,20.0,0
87,201,1,1,1,1.0,40.0,40.0,0
87,198,1,1,1,2.0,100.0,200.0,0
88,120,1,1,1,1.0,367.2,367.2,0
88,15,1,1,1,1.0,100.0,100.0,0
88,4,1,1,1,1.0,90.0,90.0,0
88,112,1,1,1,1.0,478.48,478.48,1
88,29,1,1,1,1.0,180.0,180.0,0
88,72,1,1,1,1.0,1000.4,1000.4,1
88,11,1,1,1,1.0,65.0,65.0,0
88,194,1,1,1,1.0,852.84,852.84,1
88,202,1,1,1,1.0,275.4,275.4,0
88,203,1,1,1,1.0,30.0,30.0,0
89,4,1,1,1,1.0,90.0,90.0,0
89,4,1,1,1,1.0,90.0,90.0,0
89,29,1,1,1,1.0,180.0,180.0,0
89,29,1,1,1,1.0,180.0,180.0,0
89,29,1,1,1,1.0,180.0,180.0,0
89,22,1,1,1,1.0,320.18,320.18,0
89,22,1,1,1,2.0,130.0,260.0,0
89,204,1,1,1,1.0,60.0,60.0,0
89,205,1,1,1,1.0,40.0,40.0,0
89,206,1,1,1,1.0,155.9,155.9,0
90,130,1,1,1,1.0,816.39,816.39,1
90,15,1,1,1,1.0,100.0,100.0,0
91,120,1,1,1,1.0,367.2,367.2,0
91,120,1,1,1,1.0,367.2,367.2,0
91,15,1,1,1,1.0,100.0,100.0,0
91,4,1,1,1,1.0,90.0,90.0,0
91,4,1,1,1,2.0,90.0,180.0,0
91,29,1,1,1,1.0,170.0,170.0,0
92,23,1,1,1,1.0,451.72,451.72,0
92,23,1,1,1,1.0,451.72,451.72,0
92,4,1,1,1,1.0,90.0,90.0,0
92,4,1,1,1,1.0,90.0,90.0,0
92,4,1,1,1,1.0,90.0,90.0,0
92,4,1,1,1,1.0,90.0,90.0,0
92,4,1,1,1,1.0,90.0,90.0,0
92,22,1,1,1,1.0,130.0,130.0,0
92,207,1,1,1,1.0,573.96,573.96,1
93,120,1,1,1,1.0,367.2,367.2,0
93,128,1,1,1,1.0,471.62,471.62,1
93,4,1,1,1,1.0,90.0,90.0,0
93,97,1,1,1,1.0,2100.62,2100.62,1
93,208,1,1,1,1.0,384.88,384.88,0
93,41,1,1,1,1.0,1517.09,1517.09,1
94,130,1,1,1,1.0,816.39,816.39,1
94,4,1,1,1,1.0,90.0,90.0,0
94,4,1,1,1,1.0,90.0,90.0,0
94,4,1,1,1,1.0,90.0,90.0,0
94,208,1,1,1,1.0,384.88,384.88,0
94,204,1,1,1,1.0,60.0,60.0,0
95,209,1,1,1,1.0,227.7,227.7,0
95,210,1,1,1,1.0,80.0,80.0,0
95,211,1,1,1,1.0,56.0,56.0,0
96,120,1,1,1,1.0,367.2,367.2,0
96,15,1,1,1,1.0,100.0,100.0,0
96,4,1,1,1,1.0,90.0,90.0,0
96,43,1,1,1,1.0,940.3,940.3,1
96,22,1,1,1,1.0,130.0,130.0,0
96,72,1,1,1,1.0,1000.4,1000.4,1
96,21,1,1,1,1.0,15.0,15.0,0
96,204,1,1,1,1.0,60.0,60.0,0
97,4,1,1,1,1.0,90.0,90.0,0
97,29,1,1,1,1.0,170.0,170.0,0
97,210,1,1,1,1.0,80.0,80.0,0
97,212,1,1,1,1.0,40.0,40.0,0
98,24,1,1,1,1.0,228.6,228.6,0
98,23,1,1,1,1.0,451.72,451.72,0
98,121,1,1,1,1.0,1688.75,1688.75,1
98,15,1,1,1,1.0,100.0,100.0,0
98,15,1,1,1,1.0,100.0,100.0,0
98,4,1,1,1,1.0,90.0,90.0,0
98,4,1,1,1,1.0,90.0,90.0,0
98,13,1,1,1,1.0,30.0,30.0,0
98,213,1,1,1,1.0,159.0,159.0,0
99,214,25,1,12,5.0,13.4,67.0,0
99,130,1,1,1,1.0,816.39,816.39,1
99,130,1,1,1,1.0,816.39,816.39,1
99,4,1,1,1,1.0,90.0,90.0,0
99,4,1,1,1,1.0,90.0,90.0,0
99,215,1,1,1,1.0,255.0,255.0,0
99,29,1,1,1,1.0,170.0,170.0,0
99,216,1,1,1,1.0,380.29,380.29,0
99,217,1,1,1,1.0,493.5,493.5,1
99,218,1,1,1,1.0,385.0,385.0,0
100,29,1,1,1,1.0,170.0,170.0,0
100,13,1,1,1,1.0,30.0,30.0,0
101,120,1,1,1,1.0,367.2,367.2,0
101,23,1,1,1,1.0,451.72,451.72,0
101,4,1,1,1,1.0,90.0,90.0,0
101,4,1,1,1,1.0,90.0,90.0,0
101,4,1,1,1,1.0,90.0,90.0,0
101,4,1,1,1,1.0,90.0,90.0,0
101,4,1,1,1,1.0,90.0,90.0,0
101,51,1,1,1,1.0,165.0,165.0,0
101,51,1,1,1,1.0,165.0,165.0,0
101,29,1,1,1,1.0,170.0,170.0,0
101,29,1,1,1,1.0,170.0,170.0,0
101,72,1,1,1,1.0,1000.4,1000.4,1
101,21,1,1,1,2.0,15.0,30.0,0
101,21,1,1,1,2.0,15.0,30.0,0
101,217,1,1,1,1.0,493.5,493.5,1
101,186,1,1,1,1.0,23.0,23.0,0
101,219,1,1,1,1.0,190.0,190.0,0
101,198,1,1,1,1.0,100.0,100.0,0
101,164,1,1,1,1.0,380.0,380.0,0
102,4,1,1,1,1.0,90.0,90.0,0
102,16,1,1,1,1.0,115.0,115.0,0
102,29,1,1,1,1.0,170.0,170.0,0
102,29,1,1,1,1.0,170.0,170.0,0
102,22,1,1,1,1.0,130.0,130.0,0
103,120,1,1,1,1.0,367.2,367.2,0
103,220,1,1,1,1.0,228.6,228.6,0
103,15,1,1,1,2.0,100.0,200.0,0
103,4,1,1,1,1.0,90.0,90.0,0
103,4,1,1,1,1.0,90.0,90.0,0
103,4,1,1,1,1.0,90.0,90.0,0
103,4,1,1,1,1.0,90.0,90.0,0
103,4,1,1,1,1.0,90.0,90.0,0
103,4,1,1,1,1.0,90.0,90.0,0
103,4,1,1,1,1.0,90.0,90.0,0
103,16,1,1,1,1.0,115.0,115.0,0
103,221,1,1,1,1.0,70.0,70.0,0
103,37,1,1,1,1.0,380.0,380.0,0
103,43,1,1,1,1.0,980.3,980.3,1
103,7,1,1,1,1.0,70.0,70.0,0
103,29,1,1,1,1.0,170.0,170.0,0
103,222,1,1,1,1.0,50.0,50.0,0
103,223,1,1,1,1.0,432.0,432.0,0
103,224,1,1,1,1.0,148.92,148.92,0
103,52,1,1,1,1.0,401.95,401.95,0
103,208,1,1,1,1.0,384.88,384.88,0
103,91,1,1,1,1.0,225.46,225.46,0
103,204,1,1,1,1.0,65.0,65.0,0
103,204,1,1,1,1.0,65.0,65.0,0
104,220,1,1,1,1.0,228.6,228.6,0
104,130,1,1,1,1.0,816.39,816.39,1
104,4,1,1,1,1.0,90.0,90.0,0
104,4,1,1,1,1.0,90.0,90.0,0
104,4,1,1,1,2.0,90.0,180.0,0
104,4,1,1,1,1.0,90.0,90.0,0
104,4,1,1,1,1.0,90.0,90.0,0
104,16,1,1,1,1.0,115.0,115.0,0
104,37,1,1,1,1.0,380.0,380.0,0
104,28,1,1,1,1.0,302.26,302.26,0
104,22,1,1,1,1.0,130.0,130.0,0
104,21,1,1,1,2.0,15.0,30.0,0
104,160,1,1,1,1.0,254.38,254.38,0
104,9,1,1,1,1.0,35.0,35.0,0
104,186,1,1,1,1.0,23.0,23.0,0
104,164,1,1,1,1.0,380.0,380.0,0
104,13,1,1,1,2.0,30.0,60.0,0
104,225,1,1,1,1.0,711.2,711.2,1
105,21,1,1,1,2.0,15.0,30.0,0
105,226,1,1,1,1.0,173.55,173.55,0
106,120,1,1,1,1.0,367.2,367.2,0
106,220,1,1,1,1.0,228.6,228.6,0
106,15,1,1,1,1.0,100.0,100.0,0
106,4,1,1,1,1.0,90.0,90.0,0
106,4,1,1,1,1.0,90.0,90.0,0
106,4,1,1,1,1.0,90.0,90.0,0
106,4,1,1,1,1.0,90.0,90.0,0
106,51,1,1,1,1.0,165.0,165.0,0
106,5,1,1,1,1.0,100.0,100.0,0
106,5,1,1,1,1.0,100.0,100.0,0
106,5,1,1,1,1.0,100.0,100.0,0
106,221,1,1,1,1.0,70.0,70.0,0
106,138,1,1,1,1.0,1066.7,1066.7,1
106,227,1,1,1,1.0,40.0,40.0,0
106,9,1,1,1,1.0,35.0,35.0,0
106,52,1,1,1,1.0,401.95,401.95,0
107,120,1,1,1,1.0,367.2,367.2,0
107,4,1,1,1,1.0,90.0,90.0,0
107,221,1,1,1,1.0,70.0,70.0,0
108,120,1,1,1,1.0,367.2,367.2,0
108,120,1,1,1,1.0,367.2,367.2,0
108,220,1,1,1,1.0,228.6,228.6,0
108,121,1,1,1,1.0,1688.75,1688.75,1
108,15,1,1,1,1.0,100.0,100.0,0
108,15,1,1,1,1.0,100.0,100.0,0
108,15,1,1,1,1.0,100.0,100.0,0
108,4,1,1,1,1.0,90.0,90.0,0
108,4,1,1,1,1.0,90.0,90.0,0
108,4,1,1,1,1.0,90.0,90.0,0
108,221,1,1,1,1.0,70.0,70.0,0
108,37,1,1,1,1.0,380.0,380.0,0
108,97,1,1,1,1.0,2100.62,2100.62,1
108,9,1,1,1,1.0,35.0,35.0,0
108,223,1,1,1,1.0,307.5,307.5,0
108,228,1,1,1,1.0,204.6,204.6,0
108,224,1,1,1,1.0,260.33,260.33,0
108,49,1,1,1,1.0,40.0,40.0,0
108,100,1,1,1,1.0,50.0,50.0,0
108,91,1,1,1,1.0,225.46,225.46,0
108,204,1,1,1,1.0,65.0,65.0,0
108,229,1,1,1,1.0,55.0,55.0,0
109,15,1,1,1,1.0,100.0,100.0,0
109,4,1,1,1,1.0,90.0,90.0,0
109,4,1,1,1,1.0,90.0,90.0,0
109,4,1,1,1,1.0,90.0,90.0,0
109,4,1,1,1,1.0,90.0,90.0,0
109,4,1,1,1,1.0,90.0,90.0,0
109,4,1,1,1,1.0,90.0,90.0,0
109,37,1,1,1,1.0,380.0,380.0,0
109,230,1,1,1,1.0,732.53,732.53,1
109,223,1,1,1,1.0,405.0,405.0,0
109,231,1,1,1,1.0,50.0,50.0,0
109,204,1,1,1,1.0,65.0,65.0,0
109,12,1,1,1,1.0,85.0,85.0,0
109,232,1,1,1,1.0,195.58,195.58,0
110,220,1,1,1,1.0,288.6,288.6,0
110,220,1,1,1,1.0,228.6,228.6,0
110,4,1,1,1,2.0,90.0,180.0,0
110,5,1,1,1,1.0,100.0,100.0,0
110,221,1,1,1,1.0,70.0,70.0,0
110,29,1,1,1,1.0,170.0,170.0,0
110,21,1,1,1,2.0,15.0,30.0,0
110,44,1,1,1,1.0,468.52,468.52,1
110,233,1,1,1,1.0,60.0,60.0,0
110,201,1,1,1,1.0,40.0,40.0,0
110,13,1,1,1,2.0,30.0,60.0,0
111,220,1,1,1,1.0,527.2,527.2,1
111,220,1,1,1,1.0,527.2,527.2,1
111,120,1,1,1,1.0,367.2,367.2,0
111,220,1,1,1,1.0,228.6,228.6,0
111,15,1,1,1,1.0,100.0,100.0,0
111,15,1,1,1,1.0,100.0,100.0,0
111,4,1,1,1,1.0,90.0,90.0,0
111,4,1,1,1,1.0,90.0,90.0,0
111,4,1,1,1,1.0,90.0,90.0,0
111,4,1,1,1,1.0,90.0,90.0,0
111,4,1,1,1,1.0,90.0,90.0,0
111,4,1,1,1,1.0,90.0,90.0,0
111,4,1,1,1,1.0,90.0,90.0,0
111,4,1,1,1,1.0,90.0,90.0,0
111,4,1,1,1,1.0,90.0,90.0,0
111,4,1,1,1,1.0,90.0,90.0,0
111,51,1,1,1,1.0,165.0,165.0,0
111,16,1,1,1,1.0,115.0,115.0,0
111,16,1,1,1,1.0,115.0,115.0,0
111,221,1,1,1,1.0,70.0,70.0,0
111,43,1,1,1,1.0,980.3,980.3,1
111,29,1,1,1,1.0,170.0,170.0,0
111,29,1,1,1,1.0,170.0,170.0,0
111,22,1,1,1,1.0,130.0,130.0,0
111,234,1,1,1,1.0,60.0,60.0,0
111,231,1,1,1,1.0,50.0,50.0,0
111,204,1,1,1,1.0,150.0,150.0,0
111,82,1,1,1,1.0,260.6,260.6,0
112,220,1,1,1,1.0,228.6,228.6,0
112,15,1,1,1,1.0,100.0,100.0,0
112,15,1,1,1,1.0,100.0,100.0,0
112,4,1,1,1,4.0,90.0,360.0,0
112,4,1,1,1,1.0,90.0,90.0,0
112,37,1,1,1,1.0,380.0,380.0,0
112,112,1,1,1,1.0,478.48,478.48,1
112,215,1,1,1,1.0,270.0,270.0,0
112,141,1,1,1,1.0,493.07,493.07,1
112,235,1,1,1,1.0,307.5,307.5,0
112,91,1,1,1,2.0,225.46,450.92,0
113,220,1,1,1,1.0,527.2,527.2,1
113,220,1,1,1,1.0,527.2,527.2,1
113,220,1,1,1,1.0,228.6,228.6,0
113,220,1,1,1,1.0,228.6,228.6,0
113,4,1,1,1,2.0,90.0,180.0,0
113,4,1,1,1,1.0,90.0,90.0,0
113,5,1,1,1,1.0,100.0,100.0,0
113,5,1,1,1,1.0,100.0,100.0,0
113,5,1,1,1,1.0,100.0,100.0,0
113,7,1,1,1,1.0,70.0,70.0,0
113,29,1,1,1,1.0,170.0,170.0,0
113,29,1,1,1,1.0,170.0,170.0,0
113,219,1,1,1,1.0,190.0,190.0,0
113,229,1,1,1,1.0,55.0,55.0,0
114,220,1,1,1,1.0,527.2,527.2,1
114,220,1,1,1,1.0,527.2,527.2,1
114,220,1,1,1,1.0,527.2,527.2,1
114,1,1,1,1,1.0,821.1,821.1,1
114,1,1,1,1,1.0,821.1,821.1,1
114,120,1,1,1,1.0,367.2,367.2,0
114,220,1,1,1,1.0,228.6,228.6,0
114,220,1,1,1,1.0,228.6,228.6,0
114,220,1,1,1,1.0,228.6,228.6,0
114,220,1,1,1,1.0,228.6,228.6,0
114,220,1,1,1,1.0,228.6,228.6,0
114,236,1,1,1,1.0,432.0,432.0,0
114,15,1,1,1,1.0,100.0,100.0,0
114,15,1,1,1,1.0,100.0,100.0,0
114,15,1,1,1,1.0,100.0,100.0,0
114,15,1,1,1,1.0,100.0,100.0,0
114,15,1,1,1,1.0,100.0,100.0,0
114,15,1,1,1,1.0,100.0,100.0,0
114,15,1,1,1,1.0,100.0,100.0,0
114,15,1,1,1,1.0,100.0,100.0,0
114,15,1,1,1,1.0,100.0,100.0,0
114,15,1,1,1,1.0,100.0,100.0,0
114,4,1,1,1,1.0,90.0,90.0,0
114,4,1,1,1,2.0,90.0,180.0,0
114,4,1,1,1,2.0,90.0,180.0,0
114,4,1,1,1,1.0,90.0,90.0,0
114,4,1,1,1,1.0,90.0,90.0,0
114,4,1,1,1,1.0,90.0,90.0,0
114,4,1,1,1,1.0,90.0,90.0,0
114,4,1,1,1,2.0,90.0,180.0,0
114,4,1,1,1,1.0,90.0,90.0,0
114,4,1,1,1,1.0,90.0,90.0,0
114,4,1,1,1,1.0,90.0,90.0,0
114,4,1,1,1,1.0,90.0,90.0,0
114,4,1,1,1,1.0,90.0,90.0,0
114,5,1,1,1,1.0,100.0,100.0,0
114,5,1,1,1,1.0,100.0,100.0,0
114,16,1,1,1,2.0,115.0,230.0,0
114,16,1,1,1,1.0,115.0,115.0,0
114,16,1,1,1,1.0,115.0,115.0,0
114,221,1,1,1,1.0,70.0,70.0,0
114,221,1,1,1,4.0,70.0,280.0,0
114,38,1,1,1,1.0,302.26,302.26,0
114,22,1,1,1,1.0,160.0,160.0,0
114,97,1,1,1,1.0,2100.62,2100.62,1
114,72,1,1,1,1.0,1000.4,1000.4,1
114,234,1,1,1,1.0,60.0,60.0,0
114,44,1,1,1,1.0,468.52,468.52,1
114,237,1,1,1,1.0,35.0,35.0,0
114,231,1,1,1,1.0,50.0,50.0,0
114,204,1,1,1,1.0,65.0,65.0,0
115,220,1,1,1,1.0,527.2,527.2,1
115,15,1,1,1,1.0,100.0,100.0,0
115,38,1,1,1,1.0,400.11,400.11,0
115,141,1,1,1,1.0,493.07,493.07,1
115,141,1,1,1,1.0,493.07,493.07,1
115,238,1,1,1,1.0,370.51,370.51,0
115,239,1,1,1,1.0,30.0,30.0,0
115,232,1,1,1,1.0,195.58,195.58,0
115,13,1,1,1,1.0,30.0,30.0,0
116,29,1,1,1,1.0,170.0,170.0,0
116,204,1,1,1,1.0,65.0,65.0,0
116,12,1,1,1,1.0,85.0,85.0,0
117,23,1,1,1,1.0,451.72,451.72,0
117,69,1,1,1,1.0,1377.65,1377.65,1
117,134,1,1,1,1.0,1062.72,1062.72,1
117,240,1,1,1,1.0,70.0,70.0,0
118,43,1,1,1,1.0,980.3,980.3,1
118,21,1,1,1,2.0,15.0,30.0,0
118,241,1,1,1,1.0,35.0,35.0,0
118,239,1,1,1,1.0,30.0,30.0,0
118,198,1,1,1,1.0,100.0,100.0,0
119,242,1,1,1,1.0,230.0,230.0,0
120,23,1,1,1,1.0,451.72,451.72,0
120,4,1,1,1,1.0,90.0,90.0,0
120,51,1,1,1,1.0,165.0,165.0,0
120,40,1,1,1,1.0,35.0,35.0,0
120,198,1,1,1,1.0,100.0,100.0,0
121,120,1,1,1,1.0,367.2,367.2,0
121,23,1,1,1,1.0,451.72,451.72,0
121,23,1,1,1,1.0,451.72,451.72,0
121,236,1,1,1,1.0,432.0,432.0,0
121,15,1,1,1,1.0,100.0,100.0,0
121,15,1,1,1,1.0,100.0,100.0,0
121,15,1,1,1,1.0,100.0,100.0,0
121,15,1,1,1,1.0,100.0,100.0,0
121,4,1,1,1,1.0,90.0,90.0,0
121,69,1,1,1,1.0,1377.65,1377.65,1
121,243,1,1,1,1.0,529.44,529.44,1
121,7,1,1,1,1.0,70.0,70.0,0
121,7,1,1,1,1.0,70.0,70.0,0
121,72,1,1,1,1.0,1000.4,1000.4,1
121,21,1,1,1,1.0,15.0,15.0,0
121,21,1,1,1,1.0,15.0,15.0,0
121,204,1,1,1,1.0,65.0,65.0,0
121,186,1,1,1,3.0,23.0,69.0,0
121,231,1,1,1,1.0,50.0,50.0,0
121,198,1,1,1,1.0,100.0,100.0,0
121,242,1,1,1,1.0,230.0,230.0,0
121,13,1,1,1,1.0,30.0,30.0,0
121,13,1,1,1,1.0,30.0,30.0,0
121,244,1,1,1,1.0,95.0,95.0,0
121,245,1,1,1,1.0,469.94,469.94,1
102,227,26,1,13,353.0,15.9,5612.7,1
103,246,9,2,5,200.0,2546.0,509200.0,1
103,247,9,1,5,50.0,2546.0,127300.0,1
108,159,13,2,5,50.0,117.99,5899.5,1
109,145,11,1,14,69.0,5.4,372.6,0
109,40,11,2,14,58.0,7.0,406.0,0
109,150,11,2,14,23.0,11.0,253.0,0
110,149,11,2,14,223.0,11.95,2664.85,1
110,65,11,2,14,74.0,15.2,1124.8,1
110,248,11,2,14,83.0,6.74,559.42,1
110,249,11,1,14,4.0,19.8,79.2,0
110,250,11,2,14,69.0,5.4,372.6,0
110,152,11,1,14,14.0,5.8,81.2,0
110,251,11,1,14,8.0,7.79,62.32,0
110,153,11,1,14,5.0,19.0,95.0,0
110,149,11,1,14,16.0,11.95,191.2,0
110,252,27,1,14,200.0,4.12,824.0,1
110,76,11,1,14,15.0,9.0,135.0,0
110,155,11,1,14,23.0,6.45,148.35,0
110,150,11,1,14,4.0,11.0,44.0,0
110,156,11,1,14,9.0,9.0,81.0,0
110,157,11,1,14,4.0,6.46,25.84,0
110,248,11,1,14,30.0,6.74,202.2,0
110,53,11,1,14,5.0,15.2,76.0,0
110,253,27,1,14,5.0,170.0,850.0,1
121,254,9,2,5,133.0,2546.0,338618.0,1
121,145,26,2,14,46.0,5.9,271.4,0
121,125,28,2,14,598.0,26.99,16140.02,1
121,183,24,2,11,50.0,475.2,23760.0,1
121,255,29,2,14,11.0,26.7,293.7,0
121,255,29,2,14,24.0,26.7,640.8,1
121,255,26,2,14,24.0,27.45,658.8,1
121,106,30,1,14,8.0,17.0,136.0,0
121,169,18,1,14,4.0,4.28,17.12,0
121,125,28,1,14,20.0,26.99,539.8,1
121,170,18,1,14,23.0,35.53,817.19,1
121,172,18,1,14,23.0,43.45,999.35,1
121,255,29,1,14,3.0,26.7,80.1,0
122,120,1,1,1,1.0,367.2,367.2,0
122,120,1,1,1,1.0,367.2,367.2,0
122,220,1,1,1,1.0,228.6,228.6,0
122,220,1,1,1,1.0,228.6,228.6,0
122,23,1,1,1,1.0,451.72,451.72,0
122,15,1,1,1,1.0,100.0,100.0,0
122,256,1,1,1,1.0,100.0,100.0,0
122,4,1,1,1,2.0,90.0,180.0,0
122,4,1,1,1,2.0,90.0,180.0,0
122,257,1,1,1,1.0,165.0,165.0,0
122,5,1,1,1,1.0,100.0,100.0,0
122,16,1,1,1,2.0,115.0,230.0,0
122,119,1,1,1,1.0,509.86,509.86,1
122,97,1,1,1,1.0,2100.62,2100.62,1
122,258,1,1,1,1.0,174.08,174.08,0
122,186,1,1,1,1.0,23.0,23.0,0
122,231,1,1,1,1.0,50.0,50.0,0
122,259,1,1,1,1.0,384.88,384.88,0
122,41,1,1,1,1.0,1517.09,1517.09,1
122,260,31,1,14,23.0,32.0,736.0,1
122,98,32,1,14,40.0,17.5,700.0,1
122,261,33,1,13,2.0,89.97,179.94,0
122,98,32,2,14,50.0,17.5,875.0,1
123,262,1,1,1,1.0,592.2,592.2,1
123,15,1,1,1,2.0,100.0,200.0,0
123,15,1,1,1,1.0,100.0,100.0,0
123,15,1,1,1,1.0,100.0,100.0,0
123,4,1,1,1,2.0,90.0,180.0,0
123,38,1,1,1,1.0,302.26,302.26,0
123,97,1,1,1,1.0,2100.62,2100.62,1
123,113,1,1,1,1.0,288.07,288.07,0
123,263,34,1,14,10.0,5.28,52.8,0
123,167,35,1,14,20.0,4.8,96.0,0
123,90,35,1,14,23.0,4.0,92.0,0
123,264,34,1,14,30.0,3.5,105.0,0
123,150,35,1,14,6.0,10.0,60.0,0
123,156,35,1,14,14.0,8.5,119.0,0
123,174,35,1,14,8.0,4.0,32.0,0
123,263,34,2,14,298.0,5.28,1573.44,1
123,21,35,2,14,30.0,3.0,90.0,0
123,167,35,2,14,50.0,4.8,240.0,0
123,264,34,2,14,31.0,3.5,108.5,0
123,150,35,2,14,35.0,10.0,350.0,0
124,220,1,1,1,1.0,527.2,527.2,1
124,220,1,1,1,1.0,527.2,527.2,1
124,23,1,1,1,1.0,451.72,451.72,0
124,15,1,1,1,2.0,100.0,200.0,0
124,15,1,1,1,1.0,100.0,100.0,0
124,15,1,1,1,1.0,100.0,100.0,0
124,15,1,1,1,1.0,100.0,100.0,0
124,15,1,1,1,2.0,100.0,200.0,0
124,4,1,1,1,1.0,90.0,90.0,0
124,4,1,1,1,1.0,90.0,90.0,0
124,4,1,1,1,1.0,90.0,90.0,0
124,4,1,1,1,1.0,90.0,90.0,0
124,4,1,1,1,1.0,90.0,90.0,0
124,243,1,1,1,1.0,529.44,529.44,1
124,22,1,1,1,1.0,160.0,160.0,0
124,97,1,1,1,1.0,2100.62,2100.62,1
124,100,1,1,1,1.0,50.0,50.0,0
124,231,1,1,1,1.0,50.0,50.0,0
124,265,1,1,1,1.0,35.0,35.0,0
124,164,1,1,1,1.0,380.0,380.0,0
124,244,1,1,1,1.0,95.0,95.0,0
124,145,26,1,14,45.0,5.9,265.5,0
124,266,26,1,14,45.0,2.72,122.4,0
125,220,1,1,1,1.0,228.6,228.6,0
125,97,1,1,1,1.0,2100.62,2100.62,1
125,267,36,1,14,162.0,15.75,2551.5,1
125,267,36,1,14,438.0,15.75,6898.5,1
125,268,37,1,14,4.0,90.0,360.0,0
125,266,25,1,14,30.0,2.82,84.6,0
125,269,38,1,14,30.0,7.98,239.4,0
125,267,36,1,14,5.0,15.75,78.75,0
125,270,36,1,14,60.0,11.55,693.0,1
125,34,36,1,14,1500.0,1.29,1935.0,1
125,269,38,2,14,105.0,7.98,837.9,1
125,179,22,2,10,50.0,42.11,2105.5,1
126,220,1,1,1,1.0,527.2,527.2,1
126,120,1,1,1,1.0,367.2,367.2,0
126,120,1,1,1,1.0,367.2,367.2,0
126,120,1,1,1,1.0,367.2,367.2,0
126,220,1,1,1,1.0,228.6,228.6,0
126,220,1,1,1,1.0,228.6,228.6,0
126,23,1,1,1,1.0,451.72,451.72,0
126,23,1,1,1,1.0,451.72,451.72,0
126,15,1,1,1,1.0,100.0,100.0,0
126,51,1,1,1,1.0,165.0,165.0,0
126,43,1,1,1,1.0,980.3,980.3,1
126,22,1,1,1,1.0,160.0,160.0,0
126,21,1,1,1,1.0,15.0,15.0,0
126,75,1,1,1,1.0,213.44,213.44,0
126,61,1,1,1,1.0,20.0,20.0,0
126,231,1,1,1,1.0,65.0,65.0,0
126,231,1,1,1,1.0,50.0,50.0,0
126,13,1,1,1,1.0,30.0,30.0,0
127,1,1,1,1,1.0,821.1,821.1,1
127,220,1,1,1,1.0,228.6,228.6,0
127,23,1,1,1,1.0,451.72,451.72,0
127,23,1,1,1,2.0,451.72,903.44,1
127,15,1,1,1,1.0,100.0,100.0,0
127,69,1,1,1,1.0,1377.65,1377.65,1
127,271,1,1,1,1.0,1730.22,1730.22,1
127,27,1,1,1,2.0,2219.13,4438.26,1
127,29,1,1,1,1.0,170.0,170.0,0
127,72,1,1,1,1.0,1000.4,1000.4,1
127,208,1,1,1,1.0,384.88,384.88,0
127,198,1,1,1,12.0,100.0,1200.0,1
127,158,12,1,14,4.0,16.0,64.0,0
128,262,1,1,1,1.0,592.2,592.2,1
128,15,1,1,1,1.0,100.0,100.0,0
128,15,1,1,1,1.0,100.0,100.0,0
128,15,1,1,1,1.0,100.0,100.0,0
128,4,1,1,1,1.0,90.0,90.0,0
128,4,1,1,1,1.0,90.0,90.0,0
128,4,1,1,1,1.0,90.0,90.0,0
128,29,1,1,1,1.0,170.0,170.0,0
128,189,1,1,1,1.0,311.57,311.57,0
128,272,1,1,1,1.0,50.0,50.0,0
128,164,1,1,1,1.0,380.0,380.0,0
128,273,1,1,1,1.0,55.0,55.0,0
129,120,1,1,1,1.0,367.2,367.2,0
129,220,1,1,1,1.0,228.6,228.6,0
129,130,1,1,1,1.0,816.39,816.39,1
129,23,1,1,1,1.0,451.72,451.72,0
129,23,1,1,1,1.0,451.72,451.72,0
129,23,1,1,1,1.0,451.72,451.72,0
129,15,1,1,1,1.0,100.0,100.0,0
129,15,1,1,1,1.0,100.0,100.0,0
129,4,1,1,1,1.0,90.0,90.0,0
129,4,1,1,1,1.0,90.0,90.0,0
129,16,1,1,1,1.0,115.0,115.0,0
129,16,1,1,1,1.0,115.0,115.0,0
129,37,1,1,1,1.0,380.0,380.0,0
129,27,1,1,1,1.0,2219.13,2219.13,1
129,43,1,1,1,1.0,980.3,980.3,1
129,97,1,1,1,1.0,2100.62,2100.62,1
129,134,1,1,1,1.0,1062.72,1062.72,1
129,274,1,1,1,1.0,943.62,943.62,1
129,275,1,1,1,1.0,70.0,70.0,0
129,222,1,1,1,1.0,50.0,50.0,0
129,226,1,1,1,1.0,173.55,173.55,0
129,189,1,1,1,1.0,311.57,311.57,0
129,40,1,1,1,1.0,35.0,35.0,0
129,12,1,1,1,1.0,85.0,85.0,0
129,12,1,1,1,1.0,85.0,85.0,0
129,265,1,1,1,1.0,35.0,35.0,0
130,1,1,1,1,1.0,821.1,821.1,1
130,4,1,1,1,1.0,90.0,90.0,0
130,59,6,2,6,50.0,35.0,1750.0,1
131,220,1,1,1,1.0,527.2,527.2,1
131,1,1,1,1,1.0,821.1,821.1,1
131,1,1,1,1,1.0,821.1,821.1,1
131,23,1,1,1,1.0,451.72,451.72,0
131,23,1,1,1,1.0,451.72,451.72,0
131,23,1,1,1,1.0,451.72,451.72,0
131,15,1,1,1,1.0,100.0,100.0,0
131,15,1,1,1,1.0,100.0,100.0,0
131,15,1,1,1,1.0,100.0,100.0,0
131,15,1,1,1,1.0,100.0,100.0,0
131,4,1,1,1,1.0,90.0,90.0,0
131,4,1,1,1,1.0,90.0,90.0,0
131,4,1,1,1,1.0,90.0,90.0,0
131,16,1,1,1,1.0,115.0,115.0,0
131,276,1,1,1,1.0,1096.58,1096.58,1
131,29,1,1,1,1.0,170.0,170.0,0
131,29,1,1,1,1.0,170.0,170.0,0
131,29,1,1,1,1.0,170.0,170.0,0
131,277,1,1,1,1.0,369.42,369.42,0
131,21,1,1,1,2.0,15.0,30.0,0
131,21,1,1,1,2.0,15.0,30.0,0
131,278,1,1,1,2.0,87.04,174.08,0
131,204,1,1,1,1.0,65.0,65.0,0
131,279,1,1,1,1.0,150.0,150.0,0
131,12,1,1,1,1.0,85.0,85.0,0
131,280,1,1,1,1.0,1985.77,1985.77,1
131,66,1,1,1,1.0,50.0,50.0,0
131,129,1,1,1,1.0,80.0,80.0,0
131,164,1,1,1,1.0,280.0,280.0,0
131,143,1,1,1,1.0,940.46,940.46,1
132,220,1,1,1,1.0,228.6,228.6,0
132,23,1,1,1,1.0,451.72,451.72,0
132,23,1,1,1,1.0,451.72,451.72,0
132,23,1,1,1,1.0,451.72,451.72,0
132,15,1,1,1,2.0,100.0,200.0,0
132,15,1,1,1,1.0,100.0,100.0,0
132,51,1,1,1,2.0,165.0,330.0,0
132,109,1,1,1,1.0,55.0,55.0,0
132,187,1,1,1,1.0,1919.39,1919.39,1
132,281,1,1,1,1.0,2380.8,2380.8,1
132,39,1,1,1,1.0,1121.67,1121.67,1
132,43,1,1,1,1.0,980.3,980.3,1
132,43,1,1,1,1.0,980.3,980.3,1
132,215,1,1,1,1.0,270.0,270.0,0
132,29,1,1,1,1.0,170.0,170.0,0
132,282,1,1,1,1.0,537.64,537.64,1
132,49,1,1,1,1.0,40.0,40.0,0
133,120,1,1,1,1.0,367.2,367.2,0
133,220,1,1,1,1.0,228.6,228.6,0
133,23,1,1,1,1.0,451.72,451.72,0
133,23,1,1,1,1.0,451.72,451.72,0
133,236,1,1,1,1.0,606.05,606.05,1
133,15,1,1,1,1.0,100.0,100.0,0
133,15,1,1,1,1.0,100.0,100.0,0
133,283,1,1,1,2.0,75.0,150.0,0
133,283,1,1,1,1.0,75.0,75.0,0
133,284,1,1,1,1.0,75.0,75.0,0
133,29,39,1,14,50.0,35.5,1775.0,1
133,285,39,1,14,8.0,65.0,520.0,1
133,286,39,1,14,5.0,12.5,62.5,0
133,287,39,1,14,6.0,29.0,174.0,0
133,29,39,2,14,1494.0,35.5,53037.0,1
133,286,39,2,14,36.0,12.5,450.0,0
133,287,39,2,14,6.0,29.0,174.0,0
134,220,1,1,1,1.0,228.6,228.6,0
134,220,1,1,1,1.0,228.6,228.6,0
134,23,1,1,1,1.0,451.72,451.72,0
134,15,1,1,1,1.0,100.0,100.0,0
134,15,1,1,1,1.0,100.0,100.0,0
134,15,1,1,1,1.0,100.0,100.0,0
134,4,1,1,1,1.0,90.0,90.0,0
134,4,1,1,1,1.0,90.0,90.0,0
134,236,1,1,1,1.0,606.05,606.05,1
134,134,1,1,1,1.0,1062.72,1062.72,1
134,288,1,1,1,1.0,86.53,86.53,0
134,289,1,1,1,1.0,233.96,233.96,0
134,91,1,1,1,1.0,225.46,225.46,0
134,204,1,1,1,1.0,65.0,65.0,0
134,165,1,1,1,1.0,979.01,979.01,1
134,270,1,1,1,1.0,45.0,45.0,0
135,266,40,1,14,75.0,2.62,196.5,0
135,290,40,1,14,40.0,9.6,384.0,0
135,291,41,1,13,81.0,24.0,1944.0,1
135,168,41,2,14,329.0,33.0,10857.0,1
135,103,41,2,15,150.0,17.85,2677.5,1
135,292,41,2,14,225.0,34.0,7650.0,1
135,290,40,2,14,558.0,9.6,5356.8,1
135,293,41,2,14,36.0,19.0,684.0,1
136,66,26,1,14,5.0,5.48,27.4,0
136,66,26,2,14,37.0,5.48,202.76,0
137,120,1,1,1,1.0,367.2,367.2,0
137,294,1,1,1,1.0,603.1,603.1,1
137,220,1,1,1,1.0,228.6,228.6,0
137,23,1,1,1,1.0,451.72,451.72,0
137,23,1,1,1,1.0,451.72,451.72,0
137,23,1,1,1,1.0,451.72,451.72,0
137,18,1,1,1,1.0,50.0,50.0,0
137,15,1,1,1,1.0,100.0,100.0,0
137,15,1,1,1,1.0,100.0,100.0,0
137,15,1,1,1,1.0,100.0,100.0,0
137,4,1,1,1,1.0,90.0,90.0,0
137,4,1,1,1,1.0,90.0,90.0,0
137,4,1,1,1,1.0,90.0,90.0,0
137,4,1,1,1,1.0,90.0,90.0,0
137,4,1,1,1,1.0,90.0,90.0,0
137,5,1,1,1,1.0,100.0,100.0,0
137,16,1,1,1,1.0,115.0,115.0,0
137,37,1,1,1,1.0,380.0,380.0,0
137,236,1,1,1,1.0,606.05,606.05,1
137,7,1,1,1,1.0,70.0,70.0,0
137,29,1,1,1,1.0,170.0,170.0,0
137,29,1,1,1,1.0,170.0,170.0,0
137,29,1,1,1,1.0,170.0,170.0,0
137,29,1,1,1,1.0,170.0,170.0,0
137,97,1,1,1,1.0,2100.62,2100.62,1
137,21,1,1,1,1.0,15.0,15.0,0
137,21,1,1,1,1.0,15.0,15.0,0
137,100,1,1,1,1.0,50.0,50.0,0
137,208,1,1,1,1.0,384.88,384.88,0
137,204,1,1,1,1.0,65.0,65.0,0
137,12,1,1,1,1.0,85.0,85.0,0
137,13,1,1,1,1.0,30.0,30.0,0
137,117,1,1,1,1.0,350.0,350.0,0
137,295,1,1,1,1.0,125.0,125.0,0
138,220,1,1,1,1.0,228.6,228.6,0
138,18,1,1,1,1.0,50.0,50.0,0
138,15,1,1,1,1.0,100.0,100.0,0
138,4,1,1,1,1.0,90.0,90.0,0
138,4,1,1,1,1.0,90.0,90.0,0
138,4,1,1,1,1.0,90.0,90.0,0
138,124,1,1,1,1.0,1919.39,1919.39,1
138,16,1,1,1,1.0,115.0,115.0,0
138,16,1,1,1,1.0,115.0,115.0,0
138,112,1,1,1,1.0,478.48,478.48,1
138,234,1,1,1,1.0,60.0,60.0,0
138,222,1,1,1,1.0,55.0,55.0,0
138,193,1,1,1,1.0,229.87,229.87,0
138,208,1,1,1,1.0,384.88,384.88,0
138,207,1,1,1,1.0,573.96,573.96,1
138,204,1,1,1,1.0,65.0,65.0,0
138,279,1,1,1,1.0,150.0,150.0,0
138,129,1,1,1,1.0,80.0,80.0,0
138,13,1,1,1,1.0,30.0,30.0,0
138,296,1,1,1,1.0,489.22,489.22,1
139,220,1,1,1,1.0,527.2,527.2,1
139,120,1,1,1,1.0,367.2,367.2,0
139,120,1,1,1,1.0,367.2,367.2,0
139,15,1,1,1,1.0,100.0,100.0,0
139,51,1,1,1,1.0,165.0,165.0,0
139,297,1,1,1,1.0,600.6,600.6,1
139,8,1,1,1,1.0,525.44,525.44,1
139,79,1,1,1,1.0,171.56,171.56,0
139,298,42,1,14,60.0,24.28,1456.8,1
139,299,42,1,14,30.0,6.17,185.1,0
139,300,42,1,14,50.0,1.19,59.5,0
139,301,42,1,14,100.0,12.03,1203.0,1
139,239,42,1,14,6.0,5.95,35.7,0
139,40,42,1,14,12.0,7.0,84.0,0
139,286,42,1,14,2.0,13.5,27.0,0
139,302,42,1,14,8.0,2.62,20.96,0
139,303,42,1,14,20.0,6.64,132.8,0
139,304,42,1,14,14.0,45.32,634.48,1
139,305,42,1,14,5.0,25.54,127.7,0
139,306,42,1,14,4.0,32.31,129.24,0
139,307,42,1,14,6.0,29.93,179.58,0
139,308,42,1,14,8.0,9.46,75.68,0
139,309,42,1,14,8.0,10.06,80.48,0
139,310,42,1,14,40.0,3.02,120.8,0
139,239,42,2,14,26.0,5.95,154.7,0
139,40,42,2,14,87.0,7.0,609.0,1
139,286,42,2,14,15.0,13.5,202.5,0
139,311,42,2,14,6.0,8.96,53.76,0
139,305,42,2,14,37.0,25.54,944.98,1
140,120,1,1,1,1.0,367.2,367.2,0
140,220,1,1,1,1.0,228.6,228.6,0
140,220,1,1,1,1.0,228.6,228.6,0
140,23,1,1,1,1.0,451.72,451.72,0
140,15,1,1,1,1.0,100.0,100.0,0
140,15,1,1,1,1.0,100.0,100.0,0
140,4,1,1,1,1.0,90.0,90.0,0
140,4,1,1,1,1.0,90.0,90.0,0
140,51,1,1,1,1.0,165.0,165.0,0
140,16,1,1,1,1.0,115.0,115.0,0
140,105,1,1,1,1.0,1425.17,1425.17,1
140,7,1,1,1,1.0,70.0,70.0,0
140,163,1,1,1,1.0,868.0,868.0,1
140,234,1,1,1,1.0,60.0,60.0,0
140,21,1,1,1,1.0,15.0,15.0,0
140,21,1,1,1,1.0,15.0,15.0,0
140,21,1,1,1,1.0,15.0,15.0,0
140,21,1,1,1,1.0,15.0,15.0,0
140,312,1,1,1,1.0,90.0,90.0,0
140,49,1,1,1,1.0,40.0,40.0,0
140,208,1,1,1,1.0,384.88,384.88,0
140,11,42,1,14,4.0,18.99,75.96,0
140,260,31,1,14,23.0,32.0,736.0,1
140,313,42,1,14,23.0,8.46,194.58,0
140,314,42,1,14,5.0,24.08,120.4,0
140,315,43,2,15,38.0,17.1,649.8,1
140,316,43,2,15,21.0,70.0,1470.0,1
141,220,1,1,1,1.0,527.2,527.2,1
141,220,1,1,1,1.0,527.2,527.2,1
141,18,1,1,1,1.0,50.0,50.0,0
141,21,1,1,1,1.0,15.0,15.0,0
141,21,1,1,1,1.0,15.0,15.0,0
141,193,1,1,1,1.0,229.87,229.87,0
141,317,1,1,1,1.0,425.36,425.36,0
141,13,1,1,1,1.0,30.0,30.0,0
141,318,42,1,14,12.0,7.42,89.04,0
141,319,42,1,14,23.0,11.66,268.18,0
141,21,1,1,1,1.0,15.0,15.0,0
141,220,1,2,1,1.0,527.0,527.0,1
141,120,1,2,1,1.0,367.2,367.2,0
141,320,1,2,1,1.0,50.0,50.0,0
141,4,1,2,1,1.0,90.0,90.0,0
141,4,1,2,1,1.0,90.0,90.0,0
141,29,1,2,1,1.0,170.0,170.0,0
141,321,1,2,1,1.0,2056.52,2056.52,1
141,21,1,2,1,3.0,15.0,45.0,0
141,322,39,2,14,374.0,7.2,2692.8,1
142,220,1,1,1,1.0,527.2,527.2,1
142,220,1,1,1,1.0,527.2,527.2,1
142,1,1,1,1,1.0,821.1,821.1,1
142,15,1,1,1,1.0,100.0,100.0,0
142,4,1,1,1,1.0,90.0,90.0,0
142,4,1,1,1,1.0,90.0,90.0,0
142,4,1,1,1,5.0,90.0,450.0,0
142,323,1,1,1,1.0,652.58,652.58,1
142,208,1,1,1,1.0,384.88,384.88,0
142,207,1,1,1,1.0,573.96,573.96,1
142,324,1,1,1,1.0,528.36,528.36,1
142,36,1,1,1,1.0,65.0,65.0,0
142,164,1,1,1,1.0,280.0,280.0,0
142,325,1,1,1,1.0,801.72,801.72,1
142,326,1,1,1,2.0,195.0,390.0,0
142,9,42,1,14,50.0,7.46,373.0,0
142,51,1,2,1,1.0,165.0,165.0,0
142,112,1,2,1,1.0,478.48,478.48,1
142,29,1,2,1,1.0,170.0,170.0,0
142,29,1,2,1,1.0,170.0,170.0,0
142,22,1,2,1,1.0,185.0,185.0,0
142,222,1,2,1,1.0,55.0,55.0,0
142,193,1,2,1,1.0,229.87,229.87,0
142,327,26,2,15,6545.0,13.0,85085.0,1
142,327,26,2,15,8455.0,13.0,109915.0,1
142,45,44,2,15,338.0,47.0,15886.0,1
143,220,1,1,1,1.0,527.2,527.2,1
143,220,1,1,1,1.0,527.2,527.2,1
143,23,1,1,1,1.0,451.72,451.72,0
143,23,1,1,1,1.0,451.72,451.72,0
143,18,1,1,1,1.0,50.0,50.0,0
143,51,1,1,1,1.0,165.0,165.0,0
143,51,1,1,1,1.0,165.0,165.0,0
143,16,1,1,1,1.0,115.0,115.0,0
143,297,1,1,1,1.0,600.6,600.6,1
143,22,1,1,1,1.0,185.0,185.0,0
143,328,1,1,1,1.0,81.75,81.75,0
143,329,1,1,1,1.0,526.24,526.24,1
144,1,1,1,1,1.0,821.1,821.1,1
144,1,1,1,1,1.0,821.1,821.1,1
144,18,1,1,1,1.0,50.0,50.0,0
144,4,1,1,1,1.0,90.0,90.0,0
144,4,1,1,1,1.0,90.0,90.0,0
144,16,1,1,1,1.0,115.0,115.0,0
144,166,1,1,1,1.0,2275.92,2275.92,1
144,330,1,1,1,1.0,696.75,696.75,1
145,220,1,1,1,1.0,527.2,527.2,1
145,120,1,1,1,1.0,367.2,367.2,0
145,23,1,1,1,1.0,451.72,451.72,0
145,23,1,1,1,1.0,451.72,451.72,0
145,15,1,1,1,1.0,100.0,100.0,0
145,4,1,1,1,1.0,90.0,90.0,0
145,16,1,1,1,1.0,115.0,115.0,0
145,16,1,1,1,1.0,115.0,115.0,0
145,16,45,1,1,1.0,115.0,115.0,0
145,16,46,1,1,1.0,115.0,115.0,0
145,16,47,1,1,1.0,115.0,115.0,0
145,43,46,1,1,1.0,980.3,980.3,1
145,129,1,1,1,1.0,80.0,80.0,0
145,331,1,1,1,1.0,425.36,425.36,0
145,146,48,1,15,10.0,2.8,28.0,0
145,332,48,1,15,4.0,2.55,10.2,0
145,333,48,1,15,15.0,9.0,135.0,0
145,328,48,1,15,4.0,14.8,59.2,0
145,334,42,1,14,300.0,7.03,2109.0,1
146,220,1,1,1,1.0,527.2,527.2,1
146,220,1,1,1,1.0,527.2,527.2,1
146,120,1,1,1,1.0,367.2,367.2,0
146,220,1,1,1,1.0,228.6,228.6,0
146,209,1,1,1,1.0,232.25,232.25,0
146,23,49,1,1,1.0,451.72,451.72,0
146,15,50,1,1,1.0,100.0,100.0,0
146,4,50,1,1,1.0,90.0,90.0,0
146,51,49,1,1,1.0,165.0,165.0,0
146,16,50,1,1,1.0,115.0,115.0,0
146,16,50,1,1,1.0,115.0,115.0,0
146,27,50,1,1,1.0,2219.13,2219.13,1
146,43,49,1,1,1.0,980.3,980.3,1
146,335,50,1,1,1.0,568.4,568.4,1
146,21,50,1,1,1.0,15.0,15.0,0
146,336,49,1,1,1.0,570.3,570.3,1
146,337,26,2,16,24.0,5.0,120.0,0
146,338,26,2,16,135.0,10.86,1466.1,1
146,337,26,1,16,30.0,5.0,150.0,0
147,120,50,1,1,1.0,367.2,367.2,0
147,120,1,1,1,1.0,367.2,367.2,0
147,220,1,1,1,1.0,228.6,228.6,0
147,220,1,1,1,1.0,228.6,228.6,0
147,23,1,1,1,1.0,451.72,451.72,0
147,18,1,1,1,1.0,50.0,50.0,0
147,18,1,1,1,1.0,50.0,50.0,0
147,320,1,1,1,1.0,50.0,50.0,0
147,236,1,1,1,1.0,606.05,606.05,1
147,15,1,1,1,2.0,100.0,200.0,0
147,4,1,1,1,1.0,90.0,90.0,0
147,4,1,1,1,1.0,90.0,90.0,0
147,124,1,1,1,1.0,1919.39,1919.39,1
147,221,1,1,1,1.0,70.0,70.0,0
147,29,1,1,1,1.0,170.0,170.0,0
147,29,1,1,1,1.0,170.0,170.0,0
147,339,1,1,1,1.0,382.81,382.81,0
147,242,1,1,1,1.0,902.26,902.26,1
147,129,1,1,1,1.0,80.0,80.0,0
147,164,1,1,1,1.0,280.0,280.0,0
147,117,1,1,1,1.0,350.0,350.0,0
147,340,1,1,1,1.0,170.0,170.0,0
147,9,42,2,14,369.0,7.46,2752.74,1
148,120,51,1,1,1.0,367.2,367.2,0
148,220,51,1,1,1.0,228.6,228.6,0
148,220,1,1,1,1.0,228.6,228.6,0
148,220,1,1,1,1.0,228.6,228.6,0
148,23,52,1,1,1.0,451.72,451.72,0
148,18,52,1,1,1.0,50.0,50.0,0
148,236,53,1,1,1.0,606.05,606.05,1
148,15,54,1,1,1.0,100.0,100.0,0
148,4,55,1,1,1.0,90.0,90.0,0
148,51,52,1,1,1.0,115.0,115.0,0
148,51,52,1,1,1.0,115.0,115.0,0
148,51,52,1,1,1.0,115.0,115.0,0
148,5,55,1,1,1.0,100.0,100.0,0
148,16,56,1,1,1.0,115.0,115.0,0
148,221,1,1,1,1.0,70.0,70.0,0
148,35,1,1,1,1.0,130.0,130.0,0
148,22,1,1,1,1.0,130.0,130.0,0
148,321,1,1,1,1.0,2056.52,2056.52,1
148,8,1,1,1,1.0,525.44,525.44,1
148,21,1,1,1,1.0,15.0,15.0,0
148,36,1,1,1,1.0,65.0,65.0,0
148,40,1,1,1,1.0,35.0,35.0,0
148,129,1,1,1,1.0,80.0,80.0,0
148,45,1,1,1,1.0,150.0,150.0,0
148,341,1,1,1,1.0,375.0,375.0,0
148,191,1,1,1,1.0,270.2,270.2,0
148,342,1,1,1,1.0,95.0,95.0,0
148,21,57,2,14,45.0,2.93,131.85,0
148,343,42,1,14,69.0,1.98,136.62,0
148,344,58,1,14,38.0,21.45,815.1,1
148,345,42,1,14,30.0,3.62,108.6,0
148,346,42,1,14,25.0,1.79,44.75,0
148,347,58,1,14,15.0,17.08,256.2,0
148,348,42,1,14,4.0,8.29,33.16,0
148,349,42,1,14,8.0,8.4,67.2,0
149,120,1,1,1,1.0,367.2,367.2,0
149,15,1,1,1,1.0,100.0,100.0,0
149,16,1,1,1,1.0,115.0,115.0,0
149,105,1,1,1,1.0,1425.17,1425.17,1
149,29,1,1,1,1.0,170.0,170.0,0
149,35,1,1,1,1.0,130.0,130.0,0
149,350,1,1,1,1.0,621.32,621.32,1
149,21,1,1,1,1.0,15.0,15.0,0
149,351,1,1,1,1.0,385.5,385.5,0
149,352,1,1,1,1.0,694.96,694.96,1
149,36,1,1,1,1.0,65.0,65.0,0
150,220,1,1,1,1.0,579.92,579.92,1
150,220,1,1,1,1.0,579.92,579.92,1
150,220,1,1,1,1.0,579.92,579.92,1
150,220,59,1,1,1.0,579.22,579.22,1
150,120,1,1,1,1.0,367.2,367.2,0
150,23,1,1,1,1.0,451.72,451.72,0
150,23,1,1,1,1.0,451.72,451.72,0
150,15,1,1,1,1.0,100.0,100.0,0
150,4,1,1,1,1.0,90.0,90.0,0
150,4,1,1,1,1.0,90.0,90.0,0
150,4,1,1,1,1.0,90.0,90.0,0
150,16,1,1,1,1.0,115.0,115.0,0
150,16,1,1,1,1.0,115.0,115.0,0
150,16,1,1,1,1.0,115.0,115.0,0
150,297,1,1,1,1.0,600.6,600.6,1
150,43,1,1,1,1.0,980.3,980.3,1
150,353,1,1,1,1.0,425.36,425.36,0
150,239,1,1,1,1.0,30.0,30.0,0
150,13,1,1,1,1.0,30.0,30.0,0
150,110,1,1,1,1.0,130.0,130.0,0
150,354,1,1,1,1.0,568.48,568.48,1
150,336,1,1,1,1.0,586.6,586.6,1
150,355,60,2,17,100.0,1053.6,105360.0,1
150,355,60,1,17,5.0,1053.6,5268.0,1
150,356,61,1,15,1.0,89.09,89.09,0
150,357,61,1,15,24.0,101.0,2424.0,1
151,1,1,1,1,1.0,903.21,903.21,1
151,1,1,1,1,1.0,903.21,903.21,1
151,23,1,1,1,1.0,451.72,451.72,0
151,23,1,1,1,1.0,451.72,451.72,0
151,23,1,1,1,1.0,451.72,451.72,0
151,23,1,1,1,1.0,451.72,451.72,0
151,104,1,1,1,1.0,60.0,60.0,0
151,51,1,1,1,2.0,115.0,230.0,0
151,35,1,1,1,1.0,130.0,130.0,0
152,220,1,1,1,1.0,579.92,579.92,1
152,220,1,1,1,1.0,579.92,579.92,1
152,120,1,1,1,1.0,367.2,367.2,0
152,23,1,1,1,1.0,451.72,451.72,0
152,23,1,1,1,2.0,451.72,903.44,1
152,23,1,1,1,1.0,451.72,451.72,0
152,4,1,1,1,3.0,90.0,270.0,0
152,4,1,1,1,2.0,90.0,180.0,0
152,4,1,1,1,2.0,90.0,180.0,0
152,4,62,1,1,1.0,90.0,90.0,0
152,4,1,1,1,1.0,90.0,90.0,0
152,4,1,1,1,1.0,90.0,90.0,0
152,51,1,1,1,1.0,115.0,115.0,0
152,16,1,1,1,1.0,115.0,115.0,0
152,16,1,1,1,1.0,115.0,115.0,0
152,16,1,1,1,1.0,115.0,115.0,0
152,105,1,1,1,1.0,1425.17,1425.17,1
152,39,1,1,1,1.0,1121.67,1121.67,1
152,29,1,1,1,1.0,170.0,170.0,0
152,29,1,1,1,1.0,170.0,170.0,0
152,35,1,1,1,1.0,130.0,130.0,0
152,358,1,1,1,1.0,80.0,80.0,0
152,189,1,1,1,1.0,311.57,311.57,0
152,49,1,1,1,1.0,40.0,40.0,0
152,61,1,1,1,1.0,20.0,20.0,0
152,283,1,1,1,1.0,75.0,75.0,0
152,127,1,1,1,1.0,570.0,570.0,1
153,1,1,1,1,1.0,903.21,903.21,1
153,23,1,1,1,1.0,451.72,451.72,0
153,15,1,1,1,1.0,100.0,100.0,0
153,124,1,1,1,1.0,1919.39,1919.39,1
153,16,1,1,1,1.0,115.0,115.0,0
153,35,1,1,1,1.0,130.0,130.0,0
153,35,1,1,1,1.0,130.0,130.0,0
153,335,1,1,1,1.0,568.4,568.4,1
153,21,1,1,1,1.0,15.0,15.0,0
153,21,1,1,1,2.0,15.0,30.0,0
153,125,1,1,1,1.0,80.0,80.0,0
153,291,33,1,13,61.0,23.71,1446.31,1
153,359,63,1,15,1.0,115.0,115.0,0
153,360,63,2,15,1.0,1420.0,1420.0,1
153,361,42,1,14,4.0,11.3,45.2,0
153,291,33,1,13,61.0,23.71,1446.31,1
154,23,1,1,1,1.0,451.72,451.72,0
154,137,42,1,14,38.0,10.5,399.0,0
155,1,1,1,1,1.0,903.21,903.21,1
155,1,1,1,1,1.0,903.21,903.21,1
155,1,1,1,1,1.0,903.21,903.21,1
155,220,1,1,1,1.0,228.6,228.6,0
155,130,1,1,1,1.0,451.72,451.72,0
155,4,1,1,1,1.0,90.0,90.0,0
155,4,1,1,1,1.0,90.0,90.0,0
155,4,1,1,1,1.0,90.0,90.0,0
155,51,1,1,1,1.0,115.0,115.0,0
155,16,1,1,1,1.0,115.0,115.0,0
155,16,1,1,1,2.0,115.0,230.0,0
155,27,1,1,1,1.0,2219.13,2219.13,1
155,27,1,1,1,1.0,2219.13,2219.13,1
155,21,1,1,1,1.0,15.0,15.0,0
155,362,1,1,1,1.0,754.73,754.73,1
155,363,1,1,1,1.0,154.42,154.42,0
155,36,1,1,1,1.0,65.0,65.0,0
155,331,1,1,1,1.0,425.36,425.36,0
155,191,1,1,1,1.0,262.48,262.48,0
155,364,1,1,1,1.0,40.0,40.0,0
155,149,64,2,14,335.0,10.95,3668.25,1
155,341,64,1,14,3.0,65.0,195.0,0
156,51,1,1,1,2.0,115.0,230.0,0
156,365,1,1,1,4.0,70.0,280.0,0
156,16,1,1,1,1.0,115.0,115.0,0
156,16,1,1,1,1.0,115.0,115.0,0
156,35,1,1,1,1.0,130.0,130.0,0
156,22,1,1,1,1.0,130.0,130.0,0
156,283,1,1,1,2.0,75.0,150.0,0
156,36,65,1,1,1.0,65.0,65.0,0
156,86,66,1,15,1.0,32.37,32.37,0
157,220,65,1,1,1.0,579.92,579.92,1
157,220,65,1,1,1.0,579.92,579.92,1
157,120,65,1,1,1.0,367.2,367.2,0
157,121,65,1,1,1.0,1688.75,1688.75,1
157,4,65,1,1,1.0,90.0,90.0,0
157,16,65,1,1,1.0,115.0,115.0,0
157,16,1,1,1,1.0,115.0,115.0,0
157,39,1,1,1,1.0,1121.67,1121.67,1
157,43,1,1,1,1.0,980.3,980.3,1
157,352,1,1,1,1.0,694.96,694.96,1
157,366,1,1,1,1.0,416.72,416.72,0
157,367,1,1,1,1.0,65.0,65.0,0
157,368,1,1,1,1.0,55.0,55.0,0
157,10,11,2,15,23.0,5.49,126.27,0
157,147,11,2,15,150.0,5.0,750.0,1
157,148,11,2,15,21.0,24.9,522.9,1
157,10,11,1,15,10.0,5.49,54.9,0
157,147,11,1,15,23.0,5.0,115.0,0
157,148,11,1,15,18.0,24.9,448.2,0
157,369,11,1,15,1.0,12.9,12.9,0
157,369,11,1,15,3.0,12.9,38.7,0
157,173,11,1,15,12.0,9.4,112.8,0
157,176,11,1,15,3.0,3.73,11.19,0
158,220,1,1,1,1.0,228.6,228.6,0
158,220,1,1,1,1.0,228.6,228.6,0
158,23,1,1,1,1.0,451.72,451.72,0
158,23,1,1,1,1.0,451.72,451.72,0
158,23,1,1,1,1.0,451.72,451.72,0
158,322,1,1,1,1.0,35.0,35.0,0
158,4,1,1,1,1.0,90.0,90.0,0
158,5,1,1,1,1.0,100.0,100.0,0
158,16,1,1,1,1.0,115.0,115.0,0
158,297,67,1,1,1.0,600.6,600.6,1
158,35,67,1,1,1.0,130.0,130.0,0
158,8,68,1,1,1.0,377.46,377.46,0
158,21,68,1,1,1.0,15.0,15.0,0
158,21,68,1,1,1.0,15.0,15.0,0
158,370,68,1,1,1.0,70.0,70.0,0
158,371,67,1,1,1.0,142.24,142.24,0
158,49,68,1,1,1.0,40.0,40.0,0
158,364,51,1,1,1.0,40.0,40.0,0
158,23,2,2,6,83.0,55.77,4628.91,1
158,23,2,2,6,84.0,55.77,4684.68,1
158,23,22,2,14,557.0,53.97,30061.29,1
158,209,22,2,12,473.0,12.1,5723.3,1
158,209,22,2,12,474.0,12.1,5735.4,1
158,209,2,2,6,50.0,12.05,602.5,1
158,209,2,2,6,50.0,12.05,602.5,1
158,372,22,2,14,45.0,44.32,1994.4,1
158,373,22,2,12,267.0,12.0,3204.0,1
158,373,22,2,12,267.0,12.0,3204.0,1
158,26,69,2,14,7488.0,8.5,63648.0,1
158,257,18,2,15,1669.0,26.95,44979.55,1
158,59,22,2,12,202.0,34.0,6868.0,1
158,59,22,2,12,202.0,34.0,6868.0,1
158,35,2,2,6,133.0,38.45,5113.85,1
158,35,2,2,6,134.0,38.45,5152.3,1
158,374,70,2,15,443.0,284.0,125812.0,1
158,375,22,2,14,299.0,57.58,17216.42,1
158,376,22,2,14,33.0,99.99,3299.67,1
158,60,71,2,15,315.0,66.04,20802.6,1
158,377,22,2,14,563.0,351.33,197798.79,1
158,88,22,2,14,160.0,387.87,62059.2,1
158,88,22,2,14,25.0,387.87,9696.75,1
158,378,22,2,14,188.0,359.98,67676.24,1
158,10,72,2,15,67.0,5.25,351.75,0
158,332,72,2,15,12.0,2.52,30.24,0
158,239,69,2,14,17.0,6.45,109.65,0
158,286,69,2,14,22.0,13.0,286.0,0
158,379,18,2,15,37.0,68.64,2539.68,1
158,380,69,1,14,21.0,6.86,144.06,0
158,381,22,2,14,299.0,43.03,12865.97,1
158,23,22,1,14,45.0,53.97,2428.65,1
158,372,22,1,14,3.0,44.32,132.96,0
158,327,26,1,15,225.0,13.0,2925.0,1
158,26,69,1,14,100.0,8.5,850.0,1
158,257,18,1,15,75.0,26.95,2021.25,1
158,374,70,1,15,38.0,284.0,10792.0,1
158,375,22,1,14,10.0,57.58,575.8,1
158,376,22,1,14,10.0,99.99,999.9,1
158,222,58,1,14,10.0,7.38,73.8,0
158,10,72,1,15,15.0,5.25,78.75,0
158,152,69,1,14,9.0,5.85,52.65,0
158,154,72,1,15,90.0,3.49,314.1,0
158,332,72,1,15,4.0,2.52,10.08,0
158,239,69,1,14,4.0,6.45,25.8,0
158,286,69,1,14,3.0,13.0,39.0,0
158,171,69,1,14,1.0,12.5,12.5,0
158,380,69,2,14,21.0,6.86,144.06,0
158,176,72,1,15,5.0,3.67,18.35,0
158,376,22,1,14,10.0,99.99,999.9,1
158,381,22,1,14,10.0,43.03,430.3,0
158,372,22,1,14,2.0,44.32,88.64,0
159,133,1,1,1,1.0,892.22,892.22,1
159,382,73,2,18,705.0,35.0,24675.0,1
159,383,43,1,15,4.0,70.0,280.0,0
159,384,43,1,15,4.0,17.1,68.4,0
160,220,1,1,1,1.0,579.92,579.92,1
160,1,1,1,1,1.0,903.21,903.21,1
160,120,1,1,1,1.0,367.2,367.2,0
160,294,1,1,1,1.0,603.1,603.1,1
160,5,1,1,1,1.0,100.0,100.0,0
160,16,1,1,1,1.0,115.0,115.0,0
160,16,1,1,1,1.0,115.0,115.0,0
160,16,1,1,1,1.0,115.0,115.0,0
160,385,1,1,1,1.0,35.0,35.0,0
160,353,1,1,1,1.0,425.36,425.36,0
160,193,1,1,1,1.0,229.87,229.87,0
160,36,1,1,1,1.0,65.0,65.0,0
160,13,1,1,1,1.0,30.0,30.0,0
160,386,1,1,1,1.0,1684.51,1684.51,1
160,334,1,1,1,1.0,30.0,30.0,0
160,270,1,1,1,2.0,45.0,90.0,0
161,220,1,1,1,1.0,579.92,579.92,1
161,220,1,1,1,1.0,228.6,228.6,0
161,168,1,1,1,1.0,390.0,390.0,0
161,170,1,1,1,1.0,85.0,85.0,0
162,220,1,1,1,1.0,579.92,579.92,1
162,220,1,1,1,1.0,579.92,579.92,1
162,1,1,1,1,1.0,903.21,903.21,1
162,16,1,1,1,1.0,115.0,115.0,0
162,187,1,1,1,1.0,1919.39,1919.39,1
162,119,1,1,1,1.0,509.94,509.94,1
162,122,1,1,1,1.0,562.94,562.94,1
162,189,1,1,1,1.0,311.57,311.57,0
162,100,1,1,1,1.0,50.0,50.0,0
162,387,1,1,1,1.0,375.7,375.7,0
162,125,1,1,1,1.0,80.0,80.0,0
162,388,1,1,1,1.0,100.0,100.0,0
162,389,41,1,14,3.0,33.0,99.0,0
162,390,41,1,14,5.0,34.0,170.0,0
162,391,41,1,14,9.0,45.82,412.38,0
162,392,41,1,14,23.0,14.5,333.5,0
163,1,1,1,1,1.0,903.21,903.21,1
163,105,1,1,1,1.0,1425.17,1425.17,1
163,90,1,1,1,1.0,30.0,30.0,0
164,220,1,1,1,1.0,579.92,579.92,1
164,220,1,1,1,1.0,579.92,579.92,1
164,220,1,1,1,1.0,228.6,228.6,0
164,104,1,1,1,1.0,60.0,60.0,0
164,15,1,1,1,1.0,100.0,100.0,0
164,16,1,1,1,1.0,115.0,115.0,0
164,297,1,1,1,1.0,600.6,600.6,1
164,393,1,1,1,1.0,961.45,961.45,1
164,170,1,1,1,1.0,85.0,85.0,0
164,22,33,2,15,866.0,31.6,27365.6,1
164,60,64,2,15,420.0,66.78,28047.6,1
164,369,11,2,15,7.0,12.9,90.3,0
164,369,11,2,15,10.0,12.9,129.0,0
164,394,64,2,15,217.0,11.26,2443.42,1
164,395,33,2,15,24.0,39.42,946.08,1
164,5,64,1,15,75.0,12.25,918.75,1
164,22,33,1,15,38.0,31.6,1200.8,1
164,394,64,1,15,15.0,11.26,168.9,0
164,395,33,1,15,10.0,39.42,394.2,0
164,180,1,1,1,1.0,237.78,237.78,0
165,208,1,1,1,1.0,384.88,384.88,0
165,396,1,1,1,10.0,12.01,120.1,0
165,356,74,1,15,1.0,86.63,86.63,0
166,397,75,2,15,986.0,27.24,26858.64,1
166,398,73,2,19,225.0,6.8,1530.0,1
166,399,73,2,19,67.0,250.0,16750.0,1
166,397,75,1,15,75.0,27.24,2043.0,1
167,10,32,2,15,34.0,5.34,181.56,0
167,148,32,2,15,36.0,24.65,887.4,1
167,10,32,1,15,15.0,5.34,80.1,0
167,148,32,1,15,23.0,24.65,566.95,1
167,400,32,1,15,4.0,17.76,71.04,0
168,146,48,2,15,17.0,2.8,47.6,0
168,332,48,2,15,7.0,2.55,17.85,0
168,333,48,2,15,30.0,9.0,270.0,0
168,328,48,2,15,75.0,14.8,1110.0,1
169,401,76,1,15,5.0,65.0,325.0,0
170,220,1,1,1,1.0,579.92,579.92,1
170,220,1,1,1,1.0,579.92,579.92,1
170,220,1,1,1,1.0,579.92,579.92,1
170,120,1,1,1,1.0,367.2,367.2,0
170,120,1,1,1,1.0,367.2,367.2,0
170,120,1,1,1,1.0,367.2,367.2,0
170,23,1,1,1,1.0,451.72,451.72,0
170,23,1,1,1,1.0,451.72,451.72,0
170,104,1,1,1,2.0,60.0,120.0,0
170,16,1,1,1,1.0,115.0,115.0,0
170,16,1,1,1,1.0,115.0,115.0,0
170,38,1,1,1,1.0,400.11,400.11,0
170,402,1,1,1,3.0,430.4,1291.2,1
170,38,1,1,1,1.0,302.26,302.26,0
170,39,1,1,1,1.0,1121.67,1121.67,1
170,119,1,1,1,2.0,509.94,1019.88,1
170,7,1,1,1,1.0,70.0,70.0,0
170,7,1,1,1,1.0,70.0,70.0,0
170,35,1,1,1,1.0,130.0,130.0,0
170,403,1,1,1,1.0,669.0,669.0,1
170,282,1,1,1,1.0,553.76,553.76,1
170,21,1,1,1,1.0,15.0,15.0,0
170,79,1,1,1,1.0,191.34,191.34,0
171,220,1,1,1,1.0,579.92,579.92,1
171,1,1,1,1,1.0,903.21,903.21,1
171,120,1,1,1,1.0,367.2,367.2,0
171,220,1,1,1,1.0,228.6,228.6,0
171,16,1,1,1,1.0,115.0,115.0,0
171,16,1,1,1,1.0,115.0,115.0,0
171,112,1,1,1,1.0,478.48,478.48,1
171,35,1,1,1,1.0,130.0,130.0,0
171,193,1,1,1,1.0,229.87,229.87,0
171,12,1,1,1,1.0,85.0,85.0,0
171,198,1,1,1,1.0,115.0,115.0,0
171,45,1,1,1,1.0,150.0,150.0,0
171,45,1,1,1,1.0,150.0,150.0,0
171,404,1,1,1,1.0,110.0,110.0,0
172,220,1,1,1,1.0,579.92,579.92,1
172,23,1,1,1,1.0,451.72,451.72,0
172,124,1,1,1,1.0,1919.39,1919.39,1
172,5,1,1,1,1.0,100.0,100.0,0
172,39,1,1,1,1.0,1121.67,1121.67,1
172,28,1,1,1,1.0,302.26,302.26,0
172,21,1,1,1,1.0,15.0,15.0,0
172,155,1,1,1,1.0,30.0,30.0,0
172,13,1,1,1,1.0,30.0,30.0,0
173,220,1,1,1,1.0,579.92,579.92,1
173,220,1,1,1,1.0,228.6,228.6,0
173,23,1,1,1,1.0,451.72,451.72,0
173,121,1,1,1,1.0,1688.75,1688.75,1
173,15,1,1,1,1.0,100.0,100.0,0
173,16,1,1,1,1.0,115.0,115.0,0
173,16,1,1,1,1.0,115.0,115.0,0
173,16,1,1,1,1.0,115.0,115.0,0
173,243,1,1,1,1.0,529.44,529.44,1
173,243,1,1,1,1.0,529.44,529.44,1
173,402,1,1,1,3.0,430.4,1291.2,1
173,35,1,1,1,2.0,130.0,260.0,0
173,35,1,1,1,1.0,130.0,130.0,0
173,358,1,1,1,1.0,80.0,80.0,0
173,352,1,1,1,1.0,694.96,694.96,1
173,405,1,1,1,1.0,240.0,240.0,0
173,12,1,1,1,1.0,85.0,85.0,0
173,12,1,1,1,1.0,85.0,85.0,0
174,16,1,1,1,2.0,115.0,230.0,0
174,16,1,1,1,1.0,115.0,115.0,0
174,352,1,1,1,1.0,1337.94,1337.94,1
174,77,1,1,1,1.0,65.0,65.0,0
174,406,1,1,1,1.0,156.22,156.22,0
174,407,22,2,14,2624.0,10.64,27919.36,1
174,407,22,1,14,10.0,10.64,106.4,0
175,120,1,1,1,1.0,367.2,367.2,0
175,220,1,1,1,1.0,228.6,228.6,0
175,23,1,1,1,1.0,451.72,451.72,0
175,195,1,1,1,1.0,296.51,296.51,0
175,408,1,1,1,1.0,35.0,35.0,0
175,5,1,1,1,1.0,100.0,100.0,0
175,43,1,1,1,1.0,980.3,980.3,1
175,21,1,1,1,1.0,15.0,15.0,0
175,21,1,1,1,1.0,15.0,15.0,0
175,208,1,1,1,1.0,384.88,384.88,0
176,220,1,1,1,1.0,579.92,579.92,1
176,1,1,1,1,1.0,903.21,903.21,1
176,1,1,1,1,1.0,903.21,903.21,1
176,220,1,1,1,2.0,228.6,457.2,0
176,408,1,1,1,4.0,35.0,140.0,0
176,16,1,1,1,1.0,115.0,115.0,0
176,16,1,1,1,1.0,115.0,115.0,0
176,37,1,1,1,1.0,390.0,390.0,0
176,35,1,1,1,1.0,130.0,130.0,0
176,21,1,1,1,2.0,15.0,30.0,0
176,21,1,1,1,1.0,15.0,15.0,0
176,231,1,1,1,1.0,405.75,405.75,0
176,409,1,1,1,1.0,230.0,230.0,0
176,204,1,1,1,1.0,65.0,65.0,0
176,204,1,1,1,1.0,65.0,65.0,0
176,201,1,1,1,1.0,40.0,40.0,0
176,198,1,1,1,1.0,100.0,100.0,0
176,316,77,2,15,34.0,69.2,2352.8,1
176,316,77,1,15,8.0,69.2,553.6,1
177,220,1,1,1,1.0,579.92,579.92,1
177,16,1,1,1,1.0,115.0,115.0,0
177,16,1,1,1,1.0,115.0,115.0,0
177,21,1,1,1,1.0,15.0,15.0,0
177,52,1,1,1,1.0,422.04,422.04,0
177,218,1,1,1,1.0,385.0,385.0,0
177,12,1,1,1,1.0,85.0,85.0,0
177,198,1,1,1,1.0,100.0,100.0,0
177,410,1,1,1,1.0,790.56,790.56,1
178,21,1,1,1,2.0,15.0,30.0,0
178,41,1,1,1,1.0,2020.0,2020.0,1
178,411,1,1,1,1.0,742.5,742.5,1
179,16,1,1,1,1.0,115.0,115.0,0
179,16,1,1,1,1.0,115.0,115.0,0
179,21,1,1,1,1.0,15.0,15.0,0
179,41,1,1,1,1.0,1517.09,1517.09,1
179,412,1,1,1,1.0,155.9,155.9,0
179,413,78,2,14,325.0,22.5,7312.5,1
179,413,78,1,14,100.0,22.5,2250.0,1
180,120,1,1,1,1.0,367.2,367.2,0
180,121,1,1,1,1.0,1688.75,1688.75,1
180,16,1,1,1,1.0,115.0,115.0,0
180,352,1,1,1,1.0,1337.94,1337.94,1
180,409,1,1,1,1.0,230.0,230.0,0
180,41,1,1,1,1.0,1517.09,1517.09,1
180,342,1,1,1,1.0,95.0,95.0,0
181,1,1,1,1,1.0,903.21,903.21,1
181,220,1,1,1,1.0,228.6,228.6,0
181,220,1,1,1,1.0,228.6,228.6,0
181,25,1,1,1,1.0,1956.46,1956.46,1
181,15,1,1,1,1.0,100.0,100.0,0
181,16,1,1,1,4.0,115.0,460.0,0
181,35,1,1,1,1.0,130.0,130.0,0
181,22,1,1,1,1.0,135.0,135.0,0
181,115,1,1,1,1.0,120.0,120.0,0
181,231,1,1,1,1.0,50.0,50.0,0
181,64,1,1,1,1.0,30.0,30.0,0
181,12,1,1,1,1.0,85.0,85.0,0
181,414,1,1,1,2.0,55.0,110.0,0
181,13,1,1,1,1.0,30.0,30.0,0
181,13,1,1,1,1.0,30.0,30.0,0
